id,type,text,dialect,syllable_count,estimated_duration,actual_duration_mean,standard_deviation,duration_measurement_status,duration_model,pronunciation_ipa,syllable_sequence,initials,nuclei,codas,phoneme_sequence,phoneme_set,phoneme_transitions,cross_word_transition,tone_sequence,tone_set,tone_transitions,checked_syllables,checked_syllable_count,phonological_features,viseme_sequence,viseme_set,viseme_transitions,visual_features,phoneme_viseme_pairs,av_transitions,phoneme_coverage_gain,coda_coverage_gain,tone_coverage_gain,phoneme_transition_gain,tone_transition_gain,combined_transition_gain,viseme_coverage_gain,viseme_transition_gain,av_transition_gain,audio_score,vision_score,joint_av_score,audio_score_per_sec,vision_score_per_sec,joint_av_score_per_sec
V001,word,ba,Northern Vietnamese (Hanoi),1,0.52,0.52,0.07,MODELED_PROXY_NOT_RECORDED,0.18 + 0.34*syllables - 0.03*checked + 0.08*phrase; SD=0.04+0.02*sqrt(syllables)+0.01*phrase+0.005*tone_types,/ɓaː/,ba,b,a,∅,ɓ-aː,"aː,ɓ",ɓ→aː,,ngang,ngang,,,0,,bilabial_closure → open_vowel,"bilabial_closure,open_vowel",bilabial_closure→open_vowel,"bilabial_closure,open_vowel","ɓ:bilabial_closure,aː:open_vowel",ɓ:bilabial_closure→aː:open_vowel,0.046511627906976744,0,0.16666666666666666,0.006289308176100629,0,0.0031446540880503146,0.2,0.01818181818181818,0.006289308176100629,0.05408073716542343,0.1090909090909091,0.06297058214565894,0.10400141762581429,0.2097902097902098,0.12109727335703642
V002,word,bà,Northern Vietnamese (Hanoi),1,0.52,0.52,0.07,MODELED_PROXY_NOT_RECORDED,0.18 + 0.34*syllables - 0.03*checked + 0.08*phrase; SD=0.04+0.02*sqrt(syllables)+0.01*phrase+0.005*tone_types,/ɓaː/,bà,b,a,∅,ɓ-aː,"aː,ɓ",ɓ→aː,,huyền,huyền,,,0,,bilabial_closure → open_vowel,"bilabial_closure,open_vowel",bilabial_closure→open_vowel,"bilabial_closure,open_vowel","ɓ:bilabial_closure,aː:open_vowel",ɓ:bilabial_closure→aː:open_vowel,0.046511627906976744,0,0.16666666666666666,0.006289308176100629,0,0.0031446540880503146,0.2,0.01818181818181818,0.006289308176100629,0.05408073716542343,0.1090909090909091,0.06297058214565894,0.10400141762581429,0.2097902097902098,0.12109727335703642
V003,word,cá,Northern Vietnamese (Hanoi),1,0.52,0.52,0.07,MODELED_PROXY_NOT_RECORDED,0.18 + 0.34*syllables - 0.03*checked + 0.08*phrase; SD=0.04+0.02*sqrt(syllables)+0.01*phrase+0.005*tone_types,/kaː/,cá,c,a,∅,k-aː,"aː,k",k→aː,,sắc,sắc,,,0,,low_visibility_velar → open_vowel,"low_visibility_velar,open_vowel",low_visibility_velar→open_vowel,"low_visibility_velar,open_vowel","k:low_visibility_velar,aː:open_vowel",k:low_visibility_velar→aː:open_vowel,0.046511627906976744,0,0.16666666666666666,0.006289308176100629,0,0.0031446540880503146,0.2,0.01818181818181818,0.006289308176100629,0.05408073716542343,0.1090909090909091,0.06297058214565894,0.10400141762581429,0.2097902097902098,0.12109727335703642
V004,word,cả,Northern Vietnamese (Hanoi),1,0.52,0.52,0.07,MODELED_PROXY_NOT_RECORDED,0.18 + 0.34*syllables - 0.03*checked + 0.08*phrase; SD=0.04+0.02*sqrt(syllables)+0.01*phrase+0.005*tone_types,/kaː/,cả,c,a,∅,k-aː,"aː,k",k→aː,,hỏi,hỏi,,,0,,low_visibility_velar → open_vowel,"low_visibility_velar,open_vowel",low_visibility_velar→open_vowel,"low_visibility_velar,open_vowel","k:low_visibility_velar,aː:open_vowel",k:low_visibility_velar→aː:open_vowel,0.046511627906976744,0,0.16666666666666666,0.006289308176100629,0,0.0031446540880503146,0.2,0.01818181818181818,0.006289308176100629,0.05408073716542343,0.1090909090909091,0.06297058214565894,0.10400141762581429,0.2097902097902098,0.12109727335703642
V005,word,mã,Northern Vietnamese (Hanoi),1,0.52,0.52,0.07,MODELED_PROXY_NOT_RECORDED,0.18 + 0.34*syllables - 0.03*checked + 0.08*phrase; SD=0.04+0.02*sqrt(syllables)+0.01*phrase+0.005*tone_types,/maː/,mã,m,a,∅,m-aː,"aː,m",m→aː,,ngã,ngã,,,0,phonation_contrast,bilabial_closure → open_vowel,"bilabial_closure,open_vowel",bilabial_closure→open_vowel,"bilabial_closure,open_vowel","m:bilabial_closure,aː:open_vowel",m:bilabial_closure→aː:open_vowel,0.046511627906976744,0,0.16666666666666666,0.006289308176100629,0,0.0031446540880503146,0.2,0.01818181818181818,0.006289308176100629,0.05408073716542343,0.1090909090909091,0.06297058214565894,0.10400141762581429,0.2097902097902098,0.12109727335703642
V006,word,bạn,Northern Vietnamese (Hanoi),1,0.52,0.52,0.07,MODELED_PROXY_NOT_RECORDED,0.18 + 0.34*syllables - 0.03*checked + 0.08*phrase; SD=0.04+0.02*sqrt(syllables)+0.01*phrase+0.005*tone_types,/ɓaːn/,bạn,b,a,n,ɓ-aː-n,"aː,n,ɓ","ɓ→aː,aː→n",,nặng,nặng,,,0,phonation_contrast,bilabial_closure → open_vowel → coronal,"bilabial_closure,coronal,open_vowel","bilabial_closure→open_vowel,open_vowel→coronal","bilabial_closure,coronal,open_vowel","ɓ:bilabial_closure,aː:open_vowel,n:coronal","ɓ:bilabial_closure→aː:open_vowel,aː:open_vowel→n:coronal",0.06976744186046512,0.08333333333333333,0.16666666666666666,0.012578616352201259,0,0.006289308176100629,0.3,0.03636363636363636,0.012578616352201259,0.08151418750914144,0.16818181818181818,0.09642842896462904,0.15675805290219508,0.32342657342657344,0.18543928647044045
V007,word,nhà,Northern Vietnamese (Hanoi),1,0.52,0.52,0.07,MODELED_PROXY_NOT_RECORDED,0.18 + 0.34*syllables - 0.03*checked + 0.08*phrase; SD=0.04+0.02*sqrt(syllables)+0.01*phrase+0.005*tone_types,/ɲaː/,nhà,nh,a,∅,ɲ-aː,"aː,ɲ",ɲ→aː,,huyền,huyền,,,0,,palatal → open_vowel,"open_vowel,palatal",palatal→open_vowel,"open_vowel,palatal","ɲ:palatal,aː:open_vowel",ɲ:palatal→aː:open_vowel,0.046511627906976744,0,0.16666666666666666,0.006289308176100629,0,0.0031446540880503146,0.2,0.01818181818181818,0.006289308176100629,0.05408073716542343,0.1090909090909091,0.06297058214565894,0.10400141762581429,0.2097902097902098,0.12109727335703642
V008,word,hoa,Northern Vietnamese (Hanoi),1,0.52,0.52,0.07,MODELED_PROXY_NOT_RECORDED,0.18 + 0.34*syllables - 0.03*checked + 0.08*phrase; SD=0.04+0.02*sqrt(syllables)+0.01*phrase+0.005*tone_types,/hwaː/,hoa,h,oa,∅,h-waː,"h,waː",h→waː,,ngang,ngang,,,0,,glottal → rounded,"glottal,rounded",glottal→rounded,"glottal,rounded","h:glottal,waː:rounded",h:glottal→waː:rounded,0.046511627906976744,0,0.16666666666666666,0.006289308176100629,0,0.0031446540880503146,0.2,0.01818181818181818,0.006289308176100629,0.05408073716542343,0.1090909090909091,0.06297058214565894,0.10400141762581429,0.2097902097902098,0.12109727335703642
V009,word,xe,Northern Vietnamese (Hanoi),1,0.52,0.52,0.07,MODELED_PROXY_NOT_RECORDED,0.18 + 0.34*syllables - 0.03*checked + 0.08*phrase; SD=0.04+0.02*sqrt(syllables)+0.01*phrase+0.005*tone_types,/sɛ/,xe,x,e,∅,s-ɛ,"s,ɛ",s→ɛ,,ngang,ngang,,,0,,coronal → spread_vowel,"coronal,spread_vowel",coronal→spread_vowel,"coronal,spread_vowel","s:coronal,ɛ:spread_vowel",s:coronal→ɛ:spread_vowel,0.046511627906976744,0,0.16666666666666666,0.006289308176100629,0,0.0031446540880503146,0.2,0.01818181818181818,0.006289308176100629,0.05408073716542343,0.1090909090909091,0.06297058214565894,0.10400141762581429,0.2097902097902098,0.12109727335703642
V010,word,đi,Northern Vietnamese (Hanoi),1,0.52,0.52,0.07,MODELED_PROXY_NOT_RECORDED,0.18 + 0.34*syllables - 0.03*checked + 0.08*phrase; SD=0.04+0.02*sqrt(syllables)+0.01*phrase+0.005*tone_types,/ɗi/,đi,đ,i,∅,ɗ-i,"i,ɗ",ɗ→i,,ngang,ngang,,,0,,central_vowel → spread_vowel,"central_vowel,spread_vowel",central_vowel→spread_vowel,"central_vowel,spread_vowel","ɗ:central_vowel,i:spread_vowel",ɗ:central_vowel→i:spread_vowel,0.046511627906976744,0,0.16666666666666666,0.006289308176100629,0,0.0031446540880503146,0.2,0.01818181818181818,0.006289308176100629,0.05408073716542343,0.1090909090909091,0.06297058214565894,0.10400141762581429,0.2097902097902098,0.12109727335703642
V011,word,về,Northern Vietnamese (Hanoi),1,0.52,0.52,0.07,MODELED_PROXY_NOT_RECORDED,0.18 + 0.34*syllables - 0.03*checked + 0.08*phrase; SD=0.04+0.02*sqrt(syllables)+0.01*phrase+0.005*tone_types,/ve/,về,v,ê,∅,v-e,"e,v",v→e,,huyền,huyền,,,0,,labiodental → spread_vowel,"labiodental,spread_vowel",labiodental→spread_vowel,"labiodental,spread_vowel","v:labiodental,e:spread_vowel",v:labiodental→e:spread_vowel,0.046511627906976744,0,0.16666666666666666,0.006289308176100629,0,0.0031446540880503146,0.2,0.01818181818181818,0.006289308176100629,0.05408073716542343,0.1090909090909091,0.06297058214565894,0.10400141762581429,0.2097902097902098,0.12109727335703642
V012,word,ăn,Northern Vietnamese (Hanoi),1,0.52,0.52,0.07,MODELED_PROXY_NOT_RECORDED,0.18 + 0.34*syllables - 0.03*checked + 0.08*phrase; SD=0.04+0.02*sqrt(syllables)+0.01*phrase+0.005*tone_types,/an/,ăn,∅,ă,n,a-n,"a,n",a→n,,ngang,ngang,,,0,,open_vowel → coronal,"coronal,open_vowel",open_vowel→coronal,"coronal,open_vowel","a:open_vowel,n:coronal",a:open_vowel→n:coronal,0.046511627906976744,0.08333333333333333,0.16666666666666666,0.006289308176100629,0,0.0031446540880503146,0.2,0.01818181818181818,0.006289308176100629,0.07491407049875676,0.1090909090909091,0.07487534405042083,0.14406552018991683,0.2097902097902098,0.14399104625080927
V013,word,cơm,Northern Vietnamese (Hanoi),1,0.52,0.52,0.07,MODELED_PROXY_NOT_RECORDED,0.18 + 0.34*syllables - 0.03*checked + 0.08*phrase; SD=0.04+0.02*sqrt(syllables)+0.01*phrase+0.005*tone_types,/kɤm/,cơm,c,ơ,m,k-ɤ-m,"k,m,ɤ","k→ɤ,ɤ→m",,ngang,ngang,,,0,,low_visibility_velar → central_vowel → bilabial_closure,"bilabial_closure,central_vowel,low_visibility_velar","low_visibility_velar→central_vowel,central_vowel→bilabial_closure","bilabial_closure,central_vowel,low_visibility_velar","k:low_visibility_velar,ɤ:central_vowel,m:bilabial_closure","k:low_visibility_velar→ɤ:central_vowel,ɤ:central_vowel→m:bilabial_closure",0.06976744186046512,0.08333333333333333,0.16666666666666666,0.012578616352201259,0,0.006289308176100629,0.3,0.03636363636363636,0.012578616352201259,0.08151418750914144,0.16818181818181818,0.09642842896462904,0.15675805290219508,0.32342657342657344,0.18543928647044045
V014,word,nước,Northern Vietnamese (Hanoi),1,0.49,0.49,0.07,MODELED_PROXY_NOT_RECORDED,0.18 + 0.34*syllables - 0.03*checked + 0.08*phrase; SD=0.04+0.02*sqrt(syllables)+0.01*phrase+0.005*tone_types,/nɯək̚/,nước,n,ươ,c,n-ɯə-k̚,"k̚,n,ɯə","n→ɯə,ɯə→k̚",,sắc,sắc,,nước,1,checked_syllable,coronal → central_vowel → low_visibility_velar,"central_vowel,coronal,low_visibility_velar","coronal→central_vowel,central_vowel→low_visibility_velar","central_vowel,coronal,low_visibility_velar","n:coronal,ɯə:central_vowel,k̚:low_visibility_velar","n:coronal→ɯə:central_vowel,ɯə:central_vowel→k̚:low_visibility_velar",0.06976744186046512,0.08333333333333333,0.16666666666666666,0.012578616352201259,0,0.006289308176100629,0.3,0.03636363636363636,0.012578616352201259,0.08151418750914144,0.16818181818181818,0.09642842896462904,0.16635548471253356,0.3432282003710575,0.19679271217271233
V015,word,trà,Northern Vietnamese (Hanoi),1,0.52,0.52,0.07,MODELED_PROXY_NOT_RECORDED,0.18 + 0.34*syllables - 0.03*checked + 0.08*phrase; SD=0.04+0.02*sqrt(syllables)+0.01*phrase+0.005*tone_types,/ʈaː/,trà,tr,a,∅,ʈ-aː,"aː,ʈ",ʈ→aː,,huyền,huyền,,,0,,coronal → open_vowel,"coronal,open_vowel",coronal→open_vowel,"coronal,open_vowel","ʈ:coronal,aː:open_vowel",ʈ:coronal→aː:open_vowel,0.046511627906976744,0,0.16666666666666666,0.006289308176100629,0,0.0031446540880503146,0.2,0.01818181818181818,0.006289308176100629,0.05408073716542343,0.1090909090909091,0.06297058214565894,0.10400141762581429,0.2097902097902098,0.12109727335703642
V016,word,sữa,Northern Vietnamese (Hanoi),1,0.52,0.52,0.07,MODELED_PROXY_NOT_RECORDED,0.18 + 0.34*syllables - 0.03*checked + 0.08*phrase; SD=0.04+0.02*sqrt(syllables)+0.01*phrase+0.005*tone_types,/ʂɯə/,sữa,s,ưa,∅,ʂ-ɯə,"ɯə,ʂ",ʂ→ɯə,,ngã,ngã,,,0,phonation_contrast,coronal → central_vowel,"central_vowel,coronal",coronal→central_vowel,"central_vowel,coronal","ʂ:coronal,ɯə:central_vowel",ʂ:coronal→ɯə:central_vowel,0.046511627906976744,0,0.16666666666666666,0.006289308176100629,0,0.0031446540880503146,0.2,0.01818181818181818,0.006289308176100629,0.05408073716542343,0.1090909090909091,0.06297058214565894,0.10400141762581429,0.2097902097902098,0.12109727335703642
V017,word,sách,Northern Vietnamese (Hanoi),1,0.49,0.49,0.07,MODELED_PROXY_NOT_RECORDED,0.18 + 0.34*syllables - 0.03*checked + 0.08*phrase; SD=0.04+0.02*sqrt(syllables)+0.01*phrase+0.005*tone_types,/ʂaːc̚/,sách,s,a,ch,ʂ-aː-c̚,"aː,c̚,ʂ","ʂ→aː,aː→c̚",,sắc,sắc,,sách,1,checked_syllable,coronal → open_vowel → palatal,"coronal,open_vowel,palatal","coronal→open_vowel,open_vowel→palatal","coronal,open_vowel,palatal","ʂ:coronal,aː:open_vowel,c̚:palatal","ʂ:coronal→aː:open_vowel,aː:open_vowel→c̚:palatal",0.06976744186046512,0.08333333333333333,0.16666666666666666,0.012578616352201259,0,0.006289308176100629,0.3,0.03636363636363636,0.012578616352201259,0.08151418750914144,0.16818181818181818,0.09642842896462904,0.16635548471253356,0.3432282003710575,0.19679271217271233
V018,word,bút,Northern Vietnamese (Hanoi),1,0.49,0.49,0.07,MODELED_PROXY_NOT_RECORDED,0.18 + 0.34*syllables - 0.03*checked + 0.08*phrase; SD=0.04+0.02*sqrt(syllables)+0.01*phrase+0.005*tone_types,/ɓut̚/,bút,b,u,t,ɓ-u-t̚,"t̚,u,ɓ","ɓ→u,u→t̚",,sắc,sắc,,bút,1,checked_syllable,bilabial_closure → rounded → coronal,"bilabial_closure,coronal,rounded","bilabial_closure→rounded,rounded→coronal","bilabial_closure,coronal,rounded","ɓ:bilabial_closure,u:rounded,t̚:coronal","ɓ:bilabial_closure→u:rounded,u:rounded→t̚:coronal",0.06976744186046512,0.08333333333333333,0.16666666666666666,0.012578616352201259,0,0.006289308176100629,0.3,0.03636363636363636,0.012578616352201259,0.08151418750914144,0.16818181818181818,0.09642842896462904,0.16635548471253356,0.3432282003710575,0.19679271217271233
V019,word,bàn,Northern Vietnamese (Hanoi),1,0.52,0.52,0.07,MODELED_PROXY_NOT_RECORDED,0.18 + 0.34*syllables - 0.03*checked + 0.08*phrase; SD=0.04+0.02*sqrt(syllables)+0.01*phrase+0.005*tone_types,/ɓaːn/,bàn,b,a,n,ɓ-aː-n,"aː,n,ɓ","ɓ→aː,aː→n",,huyền,huyền,,,0,,bilabial_closure → open_vowel → coronal,"bilabial_closure,coronal,open_vowel","bilabial_closure→open_vowel,open_vowel→coronal","bilabial_closure,coronal,open_vowel","ɓ:bilabial_closure,aː:open_vowel,n:coronal","ɓ:bilabial_closure→aː:open_vowel,aː:open_vowel→n:coronal",0.06976744186046512,0.08333333333333333,0.16666666666666666,0.012578616352201259,0,0.006289308176100629,0.3,0.03636363636363636,0.012578616352201259,0.08151418750914144,0.16818181818181818,0.09642842896462904,0.15675805290219508,0.32342657342657344,0.18543928647044045
V020,word,ghế,Northern Vietnamese (Hanoi),1,0.52,0.52,0.07,MODELED_PROXY_NOT_RECORDED,0.18 + 0.34*syllables - 0.03*checked + 0.08*phrase; SD=0.04+0.02*sqrt(syllables)+0.01*phrase+0.005*tone_types,/ɣe/,ghế,gh,ê,∅,ɣ-e,"e,ɣ",ɣ→e,,sắc,sắc,,,0,,low_visibility_velar → spread_vowel,"low_visibility_velar,spread_vowel",low_visibility_velar→spread_vowel,"low_visibility_velar,spread_vowel","ɣ:low_visibility_velar,e:spread_vowel",ɣ:low_visibility_velar→e:spread_vowel,0.046511627906976744,0,0.16666666666666666,0.006289308176100629,0,0.0031446540880503146,0.2,0.01818181818181818,0.006289308176100629,0.05408073716542343,0.1090909090909091,0.06297058214565894,0.10400141762581429,0.2097902097902098,0.12109727335703642
V021,word,cửa,Northern Vietnamese (Hanoi),1,0.52,0.52,0.07,MODELED_PROXY_NOT_RECORDED,0.18 + 0.34*syllables - 0.03*checked + 0.08*phrase; SD=0.04+0.02*sqrt(syllables)+0.01*phrase+0.005*tone_types,/kɯə/,cửa,c,ưa,∅,k-ɯə,"k,ɯə",k→ɯə,,hỏi,hỏi,,,0,,low_visibility_velar → central_vowel,"central_vowel,low_visibility_velar",low_visibility_velar→central_vowel,"central_vowel,low_visibility_velar","k:low_visibility_velar,ɯə:central_vowel",k:low_visibility_velar→ɯə:central_vowel,0.046511627906976744,0,0.16666666666666666,0.006289308176100629,0,0.0031446540880503146,0.2,0.01818181818181818,0.006289308176100629,0.05408073716542343,0.1090909090909091,0.06297058214565894,0.10400141762581429,0.2097902097902098,0.12109727335703642
V022,word,biển,Northern Vietnamese (Hanoi),1,0.52,0.52,0.07,MODELED_PROXY_NOT_RECORDED,0.18 + 0.34*syllables - 0.03*checked + 0.08*phrase; SD=0.04+0.02*sqrt(syllables)+0.01*phrase+0.005*tone_types,/ɓiən/,biển,b,iê,n,ɓ-iə-n,"iə,n,ɓ","ɓ→iə,iə→n",,hỏi,hỏi,,,0,,bilabial_closure → spread_vowel → coronal,"bilabial_closure,coronal,spread_vowel","bilabial_closure→spread_vowel,spread_vowel→coronal","bilabial_closure,coronal,spread_vowel","ɓ:bilabial_closure,iə:spread_vowel,n:coronal","ɓ:bilabial_closure→iə:spread_vowel,iə:spread_vowel→n:coronal",0.06976744186046512,0.08333333333333333,0.16666666666666666,0.012578616352201259,0,0.006289308176100629,0.3,0.03636363636363636,0.012578616352201259,0.08151418750914144,0.16818181818181818,0.09642842896462904,0.15675805290219508,0.32342657342657344,0.18543928647044045
V023,word,trời,Northern Vietnamese (Hanoi),1,0.52,0.52,0.07,MODELED_PROXY_NOT_RECORDED,0.18 + 0.34*syllables - 0.03*checked + 0.08*phrase; SD=0.04+0.02*sqrt(syllables)+0.01*phrase+0.005*tone_types,/ʈɤj/,trời,tr,ơ,i,ʈ-ɤ-j,"j,ɤ,ʈ","ʈ→ɤ,ɤ→j",,huyền,huyền,,,0,,coronal → central_vowel → palatal,"central_vowel,coronal,palatal","coronal→central_vowel,central_vowel→palatal","central_vowel,coronal,palatal","ʈ:coronal,ɤ:central_vowel,j:palatal","ʈ:coronal→ɤ:central_vowel,ɤ:central_vowel→j:palatal",0.06976744186046512,0.08333333333333333,0.16666666666666666,0.012578616352201259,0,0.006289308176100629,0.3,0.03636363636363636,0.012578616352201259,0.08151418750914144,0.16818181818181818,0.09642842896462904,0.15675805290219508,0.32342657342657344,0.18543928647044045
V024,word,đất,Northern Vietnamese (Hanoi),1,0.49,0.49,0.07,MODELED_PROXY_NOT_RECORDED,0.18 + 0.34*syllables - 0.03*checked + 0.08*phrase; SD=0.04+0.02*sqrt(syllables)+0.01*phrase+0.005*tone_types,/ɗət̚/,đất,đ,â,t,ɗ-ə-t̚,"t̚,ɗ,ə","ɗ→ə,ə→t̚",,sắc,sắc,,đất,1,checked_syllable,central_vowel → central_vowel → coronal,"central_vowel,coronal","central_vowel→central_vowel,central_vowel→coronal","central_vowel,coronal","ɗ:central_vowel,ə:central_vowel,t̚:coronal","ɗ:central_vowel→ə:central_vowel,ə:central_vowel→t̚:coronal",0.06976744186046512,0.08333333333333333,0.16666666666666666,0.012578616352201259,0,0.006289308176100629,0.2,0.03636363636363636,0.012578616352201259,0.08151418750914144,0.1181818181818182,0.08214271467891478,0.16635548471253356,0.24118738404452694,0.16763819322227505
V025,word,núi,Northern Vietnamese (Hanoi),1,0.52,0.52,0.07,MODELED_PROXY_NOT_RECORDED,0.18 + 0.34*syllables - 0.03*checked + 0.08*phrase; SD=0.04+0.02*sqrt(syllables)+0.01*phrase+0.005*tone_types,/nuj/,núi,n,u,i,n-u-j,"j,n,u","n→u,u→j",,sắc,sắc,,,0,,coronal → rounded → palatal,"coronal,palatal,rounded","coronal→rounded,rounded→palatal","coronal,palatal,rounded","n:coronal,u:rounded,j:palatal","n:coronal→u:rounded,u:rounded→j:palatal",0.06976744186046512,0.08333333333333333,0.16666666666666666,0.012578616352201259,0,0.006289308176100629,0.3,0.03636363636363636,0.012578616352201259,0.08151418750914144,0.16818181818181818,0.09642842896462904,0.15675805290219508,0.32342657342657344,0.18543928647044045
V026,word,sông,Northern Vietnamese (Hanoi),1,0.52,0.52,0.07,MODELED_PROXY_NOT_RECORDED,0.18 + 0.34*syllables - 0.03*checked + 0.08*phrase; SD=0.04+0.02*sqrt(syllables)+0.01*phrase+0.005*tone_types,/ʂoŋ/,sông,s,ô,ng,ʂ-o-ŋ,"o,ŋ,ʂ","ʂ→o,o→ŋ",,ngang,ngang,,,0,,coronal → rounded → low_visibility_velar,"coronal,low_visibility_velar,rounded","coronal→rounded,rounded→low_visibility_velar","coronal,low_visibility_velar,rounded","ʂ:coronal,o:rounded,ŋ:low_visibility_velar","ʂ:coronal→o:rounded,o:rounded→ŋ:low_visibility_velar",0.06976744186046512,0.08333333333333333,0.16666666666666666,0.012578616352201259,0,0.006289308176100629,0.3,0.03636363636363636,0.012578616352201259,0.08151418750914144,0.16818181818181818,0.09642842896462904,0.15675805290219508,0.32342657342657344,0.18543928647044045
V027,word,cây,Northern Vietnamese (Hanoi),1,0.52,0.52,0.07,MODELED_PROXY_NOT_RECORDED,0.18 + 0.34*syllables - 0.03*checked + 0.08*phrase; SD=0.04+0.02*sqrt(syllables)+0.01*phrase+0.005*tone_types,/kəj/,cây,c,â,y,k-ə-j,"j,k,ə","k→ə,ə→j",,ngang,ngang,,,0,,low_visibility_velar → central_vowel → palatal,"central_vowel,low_visibility_velar,palatal","low_visibility_velar→central_vowel,central_vowel→palatal","central_vowel,low_visibility_velar,palatal","k:low_visibility_velar,ə:central_vowel,j:palatal","k:low_visibility_velar→ə:central_vowel,ə:central_vowel→j:palatal",0.06976744186046512,0.08333333333333333,0.16666666666666666,0.012578616352201259,0,0.006289308176100629,0.3,0.03636363636363636,0.012578616352201259,0.08151418750914144,0.16818181818181818,0.09642842896462904,0.15675805290219508,0.32342657342657344,0.18543928647044045
V028,word,quả,Northern Vietnamese (Hanoi),1,0.52,0.52,0.07,MODELED_PROXY_NOT_RECORDED,0.18 + 0.34*syllables - 0.03*checked + 0.08*phrase; SD=0.04+0.02*sqrt(syllables)+0.01*phrase+0.005*tone_types,/kwaː/,quả,qu,a,∅,kw-aː,"aː,kw",kw→aː,,hỏi,hỏi,,,0,,rounded → open_vowel,"open_vowel,rounded",rounded→open_vowel,"open_vowel,rounded","kw:rounded,aː:open_vowel",kw:rounded→aː:open_vowel,0.046511627906976744,0,0.16666666666666666,0.006289308176100629,0,0.0031446540880503146,0.2,0.01818181818181818,0.006289308176100629,0.05408073716542343,0.1090909090909091,0.06297058214565894,0.10400141762581429,0.2097902097902098,0.12109727335703642
V029,word,áo,Northern Vietnamese (Hanoi),1,0.52,0.52,0.07,MODELED_PROXY_NOT_RECORDED,0.18 + 0.34*syllables - 0.03*checked + 0.08*phrase; SD=0.04+0.02*sqrt(syllables)+0.01*phrase+0.005*tone_types,/aːw/,áo,∅,a,o,aː-w,"aː,w",aː→w,,sắc,sắc,,,0,,open_vowel → rounded,"open_vowel,rounded",open_vowel→rounded,"open_vowel,rounded","aː:open_vowel,w:rounded",aː:open_vowel→w:rounded,0.046511627906976744,0.08333333333333333,0.16666666666666666,0.006289308176100629,0,0.0031446540880503146,0.2,0.01818181818181818,0.006289308176100629,0.07491407049875676,0.1090909090909091,0.07487534405042083,0.14406552018991683,0.2097902097902098,0.14399104625080927
V030,word,quần,Northern Vietnamese (Hanoi),1,0.52,0.52,0.07,MODELED_PROXY_NOT_RECORDED,0.18 + 0.34*syllables - 0.03*checked + 0.08*phrase; SD=0.04+0.02*sqrt(syllables)+0.01*phrase+0.005*tone_types,/kwən/,quần,qu,â,n,kw-ə-n,"kw,n,ə","kw→ə,ə→n",,huyền,huyền,,,0,,rounded → central_vowel → coronal,"central_vowel,coronal,rounded","rounded→central_vowel,central_vowel→coronal","central_vowel,coronal,rounded","kw:rounded,ə:central_vowel,n:coronal","kw:rounded→ə:central_vowel,ə:central_vowel→n:coronal",0.06976744186046512,0.08333333333333333,0.16666666666666666,0.012578616352201259,0,0.006289308176100629,0.3,0.03636363636363636,0.012578616352201259,0.08151418750914144,0.16818181818181818,0.09642842896462904,0.15675805290219508,0.32342657342657344,0.18543928647044045
V031,word,mắt,Northern Vietnamese (Hanoi),1,0.49,0.49,0.07,MODELED_PROXY_NOT_RECORDED,0.18 + 0.34*syllables - 0.03*checked + 0.08*phrase; SD=0.04+0.02*sqrt(syllables)+0.01*phrase+0.005*tone_types,/mat̚/,mắt,m,ă,t,m-a-t̚,"a,m,t̚","m→a,a→t̚",,sắc,sắc,,mắt,1,checked_syllable,bilabial_closure → open_vowel → coronal,"bilabial_closure,coronal,open_vowel","bilabial_closure→open_vowel,open_vowel→coronal","bilabial_closure,coronal,open_vowel","m:bilabial_closure,a:open_vowel,t̚:coronal","m:bilabial_closure→a:open_vowel,a:open_vowel→t̚:coronal",0.06976744186046512,0.08333333333333333,0.16666666666666666,0.012578616352201259,0,0.006289308176100629,0.3,0.03636363636363636,0.012578616352201259,0.08151418750914144,0.16818181818181818,0.09642842896462904,0.16635548471253356,0.3432282003710575,0.19679271217271233
V032,word,mũi,Northern Vietnamese (Hanoi),1,0.52,0.52,0.07,MODELED_PROXY_NOT_RECORDED,0.18 + 0.34*syllables - 0.03*checked + 0.08*phrase; SD=0.04+0.02*sqrt(syllables)+0.01*phrase+0.005*tone_types,/muj/,mũi,m,u,i,m-u-j,"j,m,u","m→u,u→j",,ngã,ngã,,,0,phonation_contrast,bilabial_closure → rounded → palatal,"bilabial_closure,palatal,rounded","bilabial_closure→rounded,rounded→palatal","bilabial_closure,palatal,rounded","m:bilabial_closure,u:rounded,j:palatal","m:bilabial_closure→u:rounded,u:rounded→j:palatal",0.06976744186046512,0.08333333333333333,0.16666666666666666,0.012578616352201259,0,0.006289308176100629,0.3,0.03636363636363636,0.012578616352201259,0.08151418750914144,0.16818181818181818,0.09642842896462904,0.15675805290219508,0.32342657342657344,0.18543928647044045
V033,word,tóc,Northern Vietnamese (Hanoi),1,0.49,0.49,0.07,MODELED_PROXY_NOT_RECORDED,0.18 + 0.34*syllables - 0.03*checked + 0.08*phrase; SD=0.04+0.02*sqrt(syllables)+0.01*phrase+0.005*tone_types,/tɔk̚/,tóc,t,o,c,t-ɔ-k̚,"k̚,t,ɔ","t→ɔ,ɔ→k̚",,sắc,sắc,,tóc,1,checked_syllable,coronal → rounded → low_visibility_velar,"coronal,low_visibility_velar,rounded","coronal→rounded,rounded→low_visibility_velar","coronal,low_visibility_velar,rounded","t:coronal,ɔ:rounded,k̚:low_visibility_velar","t:coronal→ɔ:rounded,ɔ:rounded→k̚:low_visibility_velar",0.06976744186046512,0.08333333333333333,0.16666666666666666,0.012578616352201259,0,0.006289308176100629,0.3,0.03636363636363636,0.012578616352201259,0.08151418750914144,0.16818181818181818,0.09642842896462904,0.16635548471253356,0.3432282003710575,0.19679271217271233
V034,word,tay,Northern Vietnamese (Hanoi),1,0.52,0.52,0.07,MODELED_PROXY_NOT_RECORDED,0.18 + 0.34*syllables - 0.03*checked + 0.08*phrase; SD=0.04+0.02*sqrt(syllables)+0.01*phrase+0.005*tone_types,/taːj/,tay,t,a,y,t-aː-j,"aː,j,t","t→aː,aː→j",,ngang,ngang,,,0,,coronal → open_vowel → palatal,"coronal,open_vowel,palatal","coronal→open_vowel,open_vowel→palatal","coronal,open_vowel,palatal","t:coronal,aː:open_vowel,j:palatal","t:coronal→aː:open_vowel,aː:open_vowel→j:palatal",0.06976744186046512,0.08333333333333333,0.16666666666666666,0.012578616352201259,0,0.006289308176100629,0.3,0.03636363636363636,0.012578616352201259,0.08151418750914144,0.16818181818181818,0.09642842896462904,0.15675805290219508,0.32342657342657344,0.18543928647044045
V035,word,chân,Northern Vietnamese (Hanoi),1,0.52,0.52,0.07,MODELED_PROXY_NOT_RECORDED,0.18 + 0.34*syllables - 0.03*checked + 0.08*phrase; SD=0.04+0.02*sqrt(syllables)+0.01*phrase+0.005*tone_types,/cən/,chân,ch,â,n,c-ə-n,"c,n,ə","c→ə,ə→n",,ngang,ngang,,,0,,palatal → central_vowel → coronal,"central_vowel,coronal,palatal","palatal→central_vowel,central_vowel→coronal","central_vowel,coronal,palatal","c:palatal,ə:central_vowel,n:coronal","c:palatal→ə:central_vowel,ə:central_vowel→n:coronal",0.06976744186046512,0.08333333333333333,0.16666666666666666,0.012578616352201259,0,0.006289308176100629,0.3,0.03636363636363636,0.012578616352201259,0.08151418750914144,0.16818181818181818,0.09642842896462904,0.15675805290219508,0.32342657342657344,0.18543928647044045
V036,word,mặt,Northern Vietnamese (Hanoi),1,0.49,0.49,0.07,MODELED_PROXY_NOT_RECORDED,0.18 + 0.34*syllables - 0.03*checked + 0.08*phrase; SD=0.04+0.02*sqrt(syllables)+0.01*phrase+0.005*tone_types,/mat̚/,mặt,m,ă,t,m-a-t̚,"a,m,t̚","m→a,a→t̚",,nặng,nặng,,mặt,1,"checked_syllable,phonation_contrast",bilabial_closure → open_vowel → coronal,"bilabial_closure,coronal,open_vowel","bilabial_closure→open_vowel,open_vowel→coronal","bilabial_closure,coronal,open_vowel","m:bilabial_closure,a:open_vowel,t̚:coronal","m:bilabial_closure→a:open_vowel,a:open_vowel→t̚:coronal",0.06976744186046512,0.08333333333333333,0.16666666666666666,0.012578616352201259,0,0.006289308176100629,0.3,0.03636363636363636,0.012578616352201259,0.08151418750914144,0.16818181818181818,0.09642842896462904,0.16635548471253356,0.3432282003710575,0.19679271217271233
V037,word,miệng,Northern Vietnamese (Hanoi),1,0.52,0.52,0.07,MODELED_PROXY_NOT_RECORDED,0.18 + 0.34*syllables - 0.03*checked + 0.08*phrase; SD=0.04+0.02*sqrt(syllables)+0.01*phrase+0.005*tone_types,/miəŋ/,miệng,m,iê,ng,m-iə-ŋ,"iə,m,ŋ","m→iə,iə→ŋ",,nặng,nặng,,,0,phonation_contrast,bilabial_closure → spread_vowel → low_visibility_velar,"bilabial_closure,low_visibility_velar,spread_vowel","bilabial_closure→spread_vowel,spread_vowel→low_visibility_velar","bilabial_closure,low_visibility_velar,spread_vowel","m:bilabial_closure,iə:spread_vowel,ŋ:low_visibility_velar","m:bilabial_closure→iə:spread_vowel,iə:spread_vowel→ŋ:low_visibility_velar",0.06976744186046512,0.08333333333333333,0.16666666666666666,0.012578616352201259,0,0.006289308176100629,0.3,0.03636363636363636,0.012578616352201259,0.08151418750914144,0.16818181818181818,0.09642842896462904,0.15675805290219508,0.32342657342657344,0.18543928647044045
V038,word,tai,Northern Vietnamese (Hanoi),1,0.52,0.52,0.07,MODELED_PROXY_NOT_RECORDED,0.18 + 0.34*syllables - 0.03*checked + 0.08*phrase; SD=0.04+0.02*sqrt(syllables)+0.01*phrase+0.005*tone_types,/taːj/,tai,t,a,i,t-aː-j,"aː,j,t","t→aː,aː→j",,ngang,ngang,,,0,,coronal → open_vowel → palatal,"coronal,open_vowel,palatal","coronal→open_vowel,open_vowel→palatal","coronal,open_vowel,palatal","t:coronal,aː:open_vowel,j:palatal","t:coronal→aː:open_vowel,aː:open_vowel→j:palatal",0.06976744186046512,0.08333333333333333,0.16666666666666666,0.012578616352201259,0,0.006289308176100629,0.3,0.03636363636363636,0.012578616352201259,0.08151418750914144,0.16818181818181818,0.09642842896462904,0.15675805290219508,0.32342657342657344,0.18543928647044045
V039,word,mẹ,Northern Vietnamese (Hanoi),1,0.52,0.52,0.07,MODELED_PROXY_NOT_RECORDED,0.18 + 0.34*syllables - 0.03*checked + 0.08*phrase; SD=0.04+0.02*sqrt(syllables)+0.01*phrase+0.005*tone_types,/mɛ/,mẹ,m,e,∅,m-ɛ,"m,ɛ",m→ɛ,,nặng,nặng,,,0,phonation_contrast,bilabial_closure → spread_vowel,"bilabial_closure,spread_vowel",bilabial_closure→spread_vowel,"bilabial_closure,spread_vowel","m:bilabial_closure,ɛ:spread_vowel",m:bilabial_closure→ɛ:spread_vowel,0.046511627906976744,0,0.16666666666666666,0.006289308176100629,0,0.0031446540880503146,0.2,0.01818181818181818,0.006289308176100629,0.05408073716542343,0.1090909090909091,0.06297058214565894,0.10400141762581429,0.2097902097902098,0.12109727335703642
V040,word,bố,Northern Vietnamese (Hanoi),1,0.52,0.52,0.07,MODELED_PROXY_NOT_RECORDED,0.18 + 0.34*syllables - 0.03*checked + 0.08*phrase; SD=0.04+0.02*sqrt(syllables)+0.01*phrase+0.005*tone_types,/ɓo/,bố,b,ô,∅,ɓ-o,"o,ɓ",ɓ→o,,sắc,sắc,,,0,,bilabial_closure → rounded,"bilabial_closure,rounded",bilabial_closure→rounded,"bilabial_closure,rounded","ɓ:bilabial_closure,o:rounded",ɓ:bilabial_closure→o:rounded,0.046511627906976744,0,0.16666666666666666,0.006289308176100629,0,0.0031446540880503146,0.2,0.01818181818181818,0.006289308176100629,0.05408073716542343,0.1090909090909091,0.06297058214565894,0.10400141762581429,0.2097902097902098,0.12109727335703642
V041,word,anh,Northern Vietnamese (Hanoi),1,0.52,0.52,0.07,MODELED_PROXY_NOT_RECORDED,0.18 + 0.34*syllables - 0.03*checked + 0.08*phrase; SD=0.04+0.02*sqrt(syllables)+0.01*phrase+0.005*tone_types,/aːɲ/,anh,∅,a,nh,aː-ɲ,"aː,ɲ",aː→ɲ,,ngang,ngang,,,0,,open_vowel → palatal,"open_vowel,palatal",open_vowel→palatal,"open_vowel,palatal","aː:open_vowel,ɲ:palatal",aː:open_vowel→ɲ:palatal,0.046511627906976744,0.08333333333333333,0.16666666666666666,0.006289308176100629,0,0.0031446540880503146,0.2,0.01818181818181818,0.006289308176100629,0.07491407049875676,0.1090909090909091,0.07487534405042083,0.14406552018991683,0.2097902097902098,0.14399104625080927
V042,word,chị,Northern Vietnamese (Hanoi),1,0.52,0.52,0.07,MODELED_PROXY_NOT_RECORDED,0.18 + 0.34*syllables - 0.03*checked + 0.08*phrase; SD=0.04+0.02*sqrt(syllables)+0.01*phrase+0.005*tone_types,/ci/,chị,ch,i,∅,c-i,"c,i",c→i,,nặng,nặng,,,0,phonation_contrast,palatal → spread_vowel,"palatal,spread_vowel",palatal→spread_vowel,"palatal,spread_vowel","c:palatal,i:spread_vowel",c:palatal→i:spread_vowel,0.046511627906976744,0,0.16666666666666666,0.006289308176100629,0,0.0031446540880503146,0.2,0.01818181818181818,0.006289308176100629,0.05408073716542343,0.1090909090909091,0.06297058214565894,0.10400141762581429,0.2097902097902098,0.12109727335703642
V043,word,em,Northern Vietnamese (Hanoi),1,0.52,0.52,0.07,MODELED_PROXY_NOT_RECORDED,0.18 + 0.34*syllables - 0.03*checked + 0.08*phrase; SD=0.04+0.02*sqrt(syllables)+0.01*phrase+0.005*tone_types,/ɛm/,em,∅,e,m,ɛ-m,"m,ɛ",ɛ→m,,ngang,ngang,,,0,,spread_vowel → bilabial_closure,"bilabial_closure,spread_vowel",spread_vowel→bilabial_closure,"bilabial_closure,spread_vowel","ɛ:spread_vowel,m:bilabial_closure",ɛ:spread_vowel→m:bilabial_closure,0.046511627906976744,0.08333333333333333,0.16666666666666666,0.006289308176100629,0,0.0031446540880503146,0.2,0.01818181818181818,0.006289308176100629,0.07491407049875676,0.1090909090909091,0.07487534405042083,0.14406552018991683,0.2097902097902098,0.14399104625080927
V044,word,người,Northern Vietnamese (Hanoi),1,0.52,0.52,0.07,MODELED_PROXY_NOT_RECORDED,0.18 + 0.34*syllables - 0.03*checked + 0.08*phrase; SD=0.04+0.02*sqrt(syllables)+0.01*phrase+0.005*tone_types,/ŋɯəj/,người,ng,ươ,i,ŋ-ɯə-j,"j,ŋ,ɯə","ŋ→ɯə,ɯə→j",,huyền,huyền,,,0,,low_visibility_velar → central_vowel → palatal,"central_vowel,low_visibility_velar,palatal","low_visibility_velar→central_vowel,central_vowel→palatal","central_vowel,low_visibility_velar,palatal","ŋ:low_visibility_velar,ɯə:central_vowel,j:palatal","ŋ:low_visibility_velar→ɯə:central_vowel,ɯə:central_vowel→j:palatal",0.06976744186046512,0.08333333333333333,0.16666666666666666,0.012578616352201259,0,0.006289308176100629,0.3,0.03636363636363636,0.012578616352201259,0.08151418750914144,0.16818181818181818,0.09642842896462904,0.15675805290219508,0.32342657342657344,0.18543928647044045
V045,word,trẻ,Northern Vietnamese (Hanoi),1,0.52,0.52,0.07,MODELED_PROXY_NOT_RECORDED,0.18 + 0.34*syllables - 0.03*checked + 0.08*phrase; SD=0.04+0.02*sqrt(syllables)+0.01*phrase+0.005*tone_types,/ʈɛ/,trẻ,tr,e,∅,ʈ-ɛ,"ɛ,ʈ",ʈ→ɛ,,hỏi,hỏi,,,0,,coronal → spread_vowel,"coronal,spread_vowel",coronal→spread_vowel,"coronal,spread_vowel","ʈ:coronal,ɛ:spread_vowel",ʈ:coronal→ɛ:spread_vowel,0.046511627906976744,0,0.16666666666666666,0.006289308176100629,0,0.0031446540880503146,0.2,0.01818181818181818,0.006289308176100629,0.05408073716542343,0.1090909090909091,0.06297058214565894,0.10400141762581429,0.2097902097902098,0.12109727335703642
V046,word,nhỏ,Northern Vietnamese (Hanoi),1,0.52,0.52,0.07,MODELED_PROXY_NOT_RECORDED,0.18 + 0.34*syllables - 0.03*checked + 0.08*phrase; SD=0.04+0.02*sqrt(syllables)+0.01*phrase+0.005*tone_types,/ɲɔ/,nhỏ,nh,o,∅,ɲ-ɔ,"ɔ,ɲ",ɲ→ɔ,,hỏi,hỏi,,,0,,palatal → rounded,"palatal,rounded",palatal→rounded,"palatal,rounded","ɲ:palatal,ɔ:rounded",ɲ:palatal→ɔ:rounded,0.046511627906976744,0,0.16666666666666666,0.006289308176100629,0,0.0031446540880503146,0.2,0.01818181818181818,0.006289308176100629,0.05408073716542343,0.1090909090909091,0.06297058214565894,0.10400141762581429,0.2097902097902098,0.12109727335703642
V047,word,lớn,Northern Vietnamese (Hanoi),1,0.52,0.52,0.07,MODELED_PROXY_NOT_RECORDED,0.18 + 0.34*syllables - 0.03*checked + 0.08*phrase; SD=0.04+0.02*sqrt(syllables)+0.01*phrase+0.005*tone_types,/lɤn/,lớn,l,ơ,n,l-ɤ-n,"l,n,ɤ","l→ɤ,ɤ→n",,sắc,sắc,,,0,,coronal → central_vowel → coronal,"central_vowel,coronal","coronal→central_vowel,central_vowel→coronal","central_vowel,coronal","l:coronal,ɤ:central_vowel,n:coronal","l:coronal→ɤ:central_vowel,ɤ:central_vowel→n:coronal",0.06976744186046512,0.08333333333333333,0.16666666666666666,0.012578616352201259,0,0.006289308176100629,0.2,0.03636363636363636,0.012578616352201259,0.08151418750914144,0.1181818181818182,0.08214271467891478,0.15675805290219508,0.2272727272727273,0.15796675899791301
V048,word,đẹp,Northern Vietnamese (Hanoi),1,0.49,0.49,0.07,MODELED_PROXY_NOT_RECORDED,0.18 + 0.34*syllables - 0.03*checked + 0.08*phrase; SD=0.04+0.02*sqrt(syllables)+0.01*phrase+0.005*tone_types,/ɗɛp̚/,đẹp,đ,e,p,ɗ-ɛ-p̚,"p̚,ɗ,ɛ","ɗ→ɛ,ɛ→p̚",,nặng,nặng,,đẹp,1,"checked_syllable,phonation_contrast",central_vowel → spread_vowel → bilabial_closure,"bilabial_closure,central_vowel,spread_vowel","central_vowel→spread_vowel,spread_vowel→bilabial_closure","bilabial_closure,central_vowel,spread_vowel","ɗ:central_vowel,ɛ:spread_vowel,p̚:bilabial_closure","ɗ:central_vowel→ɛ:spread_vowel,ɛ:spread_vowel→p̚:bilabial_closure",0.06976744186046512,0.08333333333333333,0.16666666666666666,0.012578616352201259,0,0.006289308176100629,0.3,0.03636363636363636,0.012578616352201259,0.08151418750914144,0.16818181818181818,0.09642842896462904,0.16635548471253356,0.3432282003710575,0.19679271217271233
V049,word,khỏe,Northern Vietnamese (Hanoi),1,0.52,0.52,0.07,MODELED_PROXY_NOT_RECORDED,0.18 + 0.34*syllables - 0.03*checked + 0.08*phrase; SD=0.04+0.02*sqrt(syllables)+0.01*phrase+0.005*tone_types,/xwɛ/,khỏe,kh,oe,∅,x-wɛ,"wɛ,x",x→wɛ,,hỏi,hỏi,,,0,,low_visibility_velar → rounded,"low_visibility_velar,rounded",low_visibility_velar→rounded,"low_visibility_velar,rounded","x:low_visibility_velar,wɛ:rounded",x:low_visibility_velar→wɛ:rounded,0.046511627906976744,0,0.16666666666666666,0.006289308176100629,0,0.0031446540880503146,0.2,0.01818181818181818,0.006289308176100629,0.05408073716542343,0.1090909090909091,0.06297058214565894,0.10400141762581429,0.2097902097902098,0.12109727335703642
V050,word,lạnh,Northern Vietnamese (Hanoi),1,0.52,0.52,0.07,MODELED_PROXY_NOT_RECORDED,0.18 + 0.34*syllables - 0.03*checked + 0.08*phrase; SD=0.04+0.02*sqrt(syllables)+0.01*phrase+0.005*tone_types,/laːɲ/,lạnh,l,a,nh,l-aː-ɲ,"aː,l,ɲ","l→aː,aː→ɲ",,nặng,nặng,,,0,phonation_contrast,coronal → open_vowel → palatal,"coronal,open_vowel,palatal","coronal→open_vowel,open_vowel→palatal","coronal,open_vowel,palatal","l:coronal,aː:open_vowel,ɲ:palatal","l:coronal→aː:open_vowel,aː:open_vowel→ɲ:palatal",0.06976744186046512,0.08333333333333333,0.16666666666666666,0.012578616352201259,0,0.006289308176100629,0.3,0.03636363636363636,0.012578616352201259,0.08151418750914144,0.16818181818181818,0.09642842896462904,0.15675805290219508,0.32342657342657344,0.18543928647044045
V051,word,nóng,Northern Vietnamese (Hanoi),1,0.52,0.52,0.07,MODELED_PROXY_NOT_RECORDED,0.18 + 0.34*syllables - 0.03*checked + 0.08*phrase; SD=0.04+0.02*sqrt(syllables)+0.01*phrase+0.005*tone_types,/nɔŋ/,nóng,n,o,ng,n-ɔ-ŋ,"n,ŋ,ɔ","n→ɔ,ɔ→ŋ",,sắc,sắc,,,0,,coronal → rounded → low_visibility_velar,"coronal,low_visibility_velar,rounded","coronal→rounded,rounded→low_visibility_velar","coronal,low_visibility_velar,rounded","n:coronal,ɔ:rounded,ŋ:low_visibility_velar","n:coronal→ɔ:rounded,ɔ:rounded→ŋ:low_visibility_velar",0.06976744186046512,0.08333333333333333,0.16666666666666666,0.012578616352201259,0,0.006289308176100629,0.3,0.03636363636363636,0.012578616352201259,0.08151418750914144,0.16818181818181818,0.09642842896462904,0.15675805290219508,0.32342657342657344,0.18543928647044045
V052,word,sáng,Northern Vietnamese (Hanoi),1,0.52,0.52,0.07,MODELED_PROXY_NOT_RECORDED,0.18 + 0.34*syllables - 0.03*checked + 0.08*phrase; SD=0.04+0.02*sqrt(syllables)+0.01*phrase+0.005*tone_types,/ʂaːŋ/,sáng,s,a,ng,ʂ-aː-ŋ,"aː,ŋ,ʂ","ʂ→aː,aː→ŋ",,sắc,sắc,,,0,,coronal → open_vowel → low_visibility_velar,"coronal,low_visibility_velar,open_vowel","coronal→open_vowel,open_vowel→low_visibility_velar","coronal,low_visibility_velar,open_vowel","ʂ:coronal,aː:open_vowel,ŋ:low_visibility_velar","ʂ:coronal→aː:open_vowel,aː:open_vowel→ŋ:low_visibility_velar",0.06976744186046512,0.08333333333333333,0.16666666666666666,0.012578616352201259,0,0.006289308176100629,0.3,0.03636363636363636,0.012578616352201259,0.08151418750914144,0.16818181818181818,0.09642842896462904,0.15675805290219508,0.32342657342657344,0.18543928647044045
V053,word,tối,Northern Vietnamese (Hanoi),1,0.52,0.52,0.07,MODELED_PROXY_NOT_RECORDED,0.18 + 0.34*syllables - 0.03*checked + 0.08*phrase; SD=0.04+0.02*sqrt(syllables)+0.01*phrase+0.005*tone_types,/toj/,tối,t,ô,i,t-o-j,"j,o,t","t→o,o→j",,sắc,sắc,,,0,,coronal → rounded → palatal,"coronal,palatal,rounded","coronal→rounded,rounded→palatal","coronal,palatal,rounded","t:coronal,o:rounded,j:palatal","t:coronal→o:rounded,o:rounded→j:palatal",0.06976744186046512,0.08333333333333333,0.16666666666666666,0.012578616352201259,0,0.006289308176100629,0.3,0.03636363636363636,0.012578616352201259,0.08151418750914144,0.16818181818181818,0.09642842896462904,0.15675805290219508,0.32342657342657344,0.18543928647044045
V054,word,đỏ,Northern Vietnamese (Hanoi),1,0.52,0.52,0.07,MODELED_PROXY_NOT_RECORDED,0.18 + 0.34*syllables - 0.03*checked + 0.08*phrase; SD=0.04+0.02*sqrt(syllables)+0.01*phrase+0.005*tone_types,/ɗɔ/,đỏ,đ,o,∅,ɗ-ɔ,"ɔ,ɗ",ɗ→ɔ,,hỏi,hỏi,,,0,,central_vowel → rounded,"central_vowel,rounded",central_vowel→rounded,"central_vowel,rounded","ɗ:central_vowel,ɔ:rounded",ɗ:central_vowel→ɔ:rounded,0.046511627906976744,0,0.16666666666666666,0.006289308176100629,0,0.0031446540880503146,0.2,0.01818181818181818,0.006289308176100629,0.05408073716542343,0.1090909090909091,0.06297058214565894,0.10400141762581429,0.2097902097902098,0.12109727335703642
V055,word,trắng,Northern Vietnamese (Hanoi),1,0.52,0.52,0.07,MODELED_PROXY_NOT_RECORDED,0.18 + 0.34*syllables - 0.03*checked + 0.08*phrase; SD=0.04+0.02*sqrt(syllables)+0.01*phrase+0.005*tone_types,/ʈaŋ/,trắng,tr,ă,ng,ʈ-a-ŋ,"a,ŋ,ʈ","ʈ→a,a→ŋ",,sắc,sắc,,,0,,coronal → open_vowel → low_visibility_velar,"coronal,low_visibility_velar,open_vowel","coronal→open_vowel,open_vowel→low_visibility_velar","coronal,low_visibility_velar,open_vowel","ʈ:coronal,a:open_vowel,ŋ:low_visibility_velar","ʈ:coronal→a:open_vowel,a:open_vowel→ŋ:low_visibility_velar",0.06976744186046512,0.08333333333333333,0.16666666666666666,0.012578616352201259,0,0.006289308176100629,0.3,0.03636363636363636,0.012578616352201259,0.08151418750914144,0.16818181818181818,0.09642842896462904,0.15675805290219508,0.32342657342657344,0.18543928647044045
V056,word,xanh,Northern Vietnamese (Hanoi),1,0.52,0.52,0.07,MODELED_PROXY_NOT_RECORDED,0.18 + 0.34*syllables - 0.03*checked + 0.08*phrase; SD=0.04+0.02*sqrt(syllables)+0.01*phrase+0.005*tone_types,/saːɲ/,xanh,x,a,nh,s-aː-ɲ,"aː,s,ɲ","s→aː,aː→ɲ",,ngang,ngang,,,0,,coronal → open_vowel → palatal,"coronal,open_vowel,palatal","coronal→open_vowel,open_vowel→palatal","coronal,open_vowel,palatal","s:coronal,aː:open_vowel,ɲ:palatal","s:coronal→aː:open_vowel,aː:open_vowel→ɲ:palatal",0.06976744186046512,0.08333333333333333,0.16666666666666666,0.012578616352201259,0,0.006289308176100629,0.3,0.03636363636363636,0.012578616352201259,0.08151418750914144,0.16818181818181818,0.09642842896462904,0.15675805290219508,0.32342657342657344,0.18543928647044045
V057,word,vàng,Northern Vietnamese (Hanoi),1,0.52,0.52,0.07,MODELED_PROXY_NOT_RECORDED,0.18 + 0.34*syllables - 0.03*checked + 0.08*phrase; SD=0.04+0.02*sqrt(syllables)+0.01*phrase+0.005*tone_types,/vaːŋ/,vàng,v,a,ng,v-aː-ŋ,"aː,v,ŋ","v→aː,aː→ŋ",,huyền,huyền,,,0,,labiodental → open_vowel → low_visibility_velar,"labiodental,low_visibility_velar,open_vowel","labiodental→open_vowel,open_vowel→low_visibility_velar","labiodental,low_visibility_velar,open_vowel","v:labiodental,aː:open_vowel,ŋ:low_visibility_velar","v:labiodental→aː:open_vowel,aː:open_vowel→ŋ:low_visibility_velar",0.06976744186046512,0.08333333333333333,0.16666666666666666,0.012578616352201259,0,0.006289308176100629,0.3,0.03636363636363636,0.012578616352201259,0.08151418750914144,0.16818181818181818,0.09642842896462904,0.15675805290219508,0.32342657342657344,0.18543928647044045
V058,word,đen,Northern Vietnamese (Hanoi),1,0.52,0.52,0.07,MODELED_PROXY_NOT_RECORDED,0.18 + 0.34*syllables - 0.03*checked + 0.08*phrase; SD=0.04+0.02*sqrt(syllables)+0.01*phrase+0.005*tone_types,/ɗɛn/,đen,đ,e,n,ɗ-ɛ-n,"n,ɗ,ɛ","ɗ→ɛ,ɛ→n",,ngang,ngang,,,0,,central_vowel → spread_vowel → coronal,"central_vowel,coronal,spread_vowel","central_vowel→spread_vowel,spread_vowel→coronal","central_vowel,coronal,spread_vowel","ɗ:central_vowel,ɛ:spread_vowel,n:coronal","ɗ:central_vowel→ɛ:spread_vowel,ɛ:spread_vowel→n:coronal",0.06976744186046512,0.08333333333333333,0.16666666666666666,0.012578616352201259,0,0.006289308176100629,0.3,0.03636363636363636,0.012578616352201259,0.08151418750914144,0.16818181818181818,0.09642842896462904,0.15675805290219508,0.32342657342657344,0.18543928647044045
V059,word,hỏi,Northern Vietnamese (Hanoi),1,0.52,0.52,0.07,MODELED_PROXY_NOT_RECORDED,0.18 + 0.34*syllables - 0.03*checked + 0.08*phrase; SD=0.04+0.02*sqrt(syllables)+0.01*phrase+0.005*tone_types,/hɔj/,hỏi,h,o,i,h-ɔ-j,"h,j,ɔ","h→ɔ,ɔ→j",,hỏi,hỏi,,,0,,glottal → rounded → palatal,"glottal,palatal,rounded","glottal→rounded,rounded→palatal","glottal,palatal,rounded","h:glottal,ɔ:rounded,j:palatal","h:glottal→ɔ:rounded,ɔ:rounded→j:palatal",0.06976744186046512,0.08333333333333333,0.16666666666666666,0.012578616352201259,0,0.006289308176100629,0.3,0.03636363636363636,0.012578616352201259,0.08151418750914144,0.16818181818181818,0.09642842896462904,0.15675805290219508,0.32342657342657344,0.18543928647044045
V060,word,nghĩ,Northern Vietnamese (Hanoi),1,0.52,0.52,0.07,MODELED_PROXY_NOT_RECORDED,0.18 + 0.34*syllables - 0.03*checked + 0.08*phrase; SD=0.04+0.02*sqrt(syllables)+0.01*phrase+0.005*tone_types,/ŋi/,nghĩ,ngh,i,∅,ŋ-i,"i,ŋ",ŋ→i,,ngã,ngã,,,0,phonation_contrast,low_visibility_velar → spread_vowel,"low_visibility_velar,spread_vowel",low_visibility_velar→spread_vowel,"low_visibility_velar,spread_vowel","ŋ:low_visibility_velar,i:spread_vowel",ŋ:low_visibility_velar→i:spread_vowel,0.046511627906976744,0,0.16666666666666666,0.006289308176100629,0,0.0031446540880503146,0.2,0.01818181818181818,0.006289308176100629,0.05408073716542343,0.1090909090909091,0.06297058214565894,0.10400141762581429,0.2097902097902098,0.12109727335703642
V061,word,giữ,Northern Vietnamese (Hanoi),1,0.52,0.52,0.07,MODELED_PROXY_NOT_RECORDED,0.18 + 0.34*syllables - 0.03*checked + 0.08*phrase; SD=0.04+0.02*sqrt(syllables)+0.01*phrase+0.005*tone_types,/zɯ/,giữ,gi,ư,∅,z-ɯ,"z,ɯ",z→ɯ,,ngã,ngã,,,0,phonation_contrast,coronal → central_vowel,"central_vowel,coronal",coronal→central_vowel,"central_vowel,coronal","z:coronal,ɯ:central_vowel",z:coronal→ɯ:central_vowel,0.046511627906976744,0,0.16666666666666666,0.006289308176100629,0,0.0031446540880503146,0.2,0.01818181818181818,0.006289308176100629,0.05408073716542343,0.1090909090909091,0.06297058214565894,0.10400141762581429,0.2097902097902098,0.12109727335703642
V062,word,đọc,Northern Vietnamese (Hanoi),1,0.49,0.49,0.07,MODELED_PROXY_NOT_RECORDED,0.18 + 0.34*syllables - 0.03*checked + 0.08*phrase; SD=0.04+0.02*sqrt(syllables)+0.01*phrase+0.005*tone_types,/ɗɔk̚/,đọc,đ,o,c,ɗ-ɔ-k̚,"k̚,ɔ,ɗ","ɗ→ɔ,ɔ→k̚",,nặng,nặng,,đọc,1,"checked_syllable,phonation_contrast",central_vowel → rounded → low_visibility_velar,"central_vowel,low_visibility_velar,rounded","central_vowel→rounded,rounded→low_visibility_velar","central_vowel,low_visibility_velar,rounded","ɗ:central_vowel,ɔ:rounded,k̚:low_visibility_velar","ɗ:central_vowel→ɔ:rounded,ɔ:rounded→k̚:low_visibility_velar",0.06976744186046512,0.08333333333333333,0.16666666666666666,0.012578616352201259,0,0.006289308176100629,0.3,0.03636363636363636,0.012578616352201259,0.08151418750914144,0.16818181818181818,0.09642842896462904,0.16635548471253356,0.3432282003710575,0.19679271217271233
V063,word,viết,Northern Vietnamese (Hanoi),1,0.49,0.49,0.07,MODELED_PROXY_NOT_RECORDED,0.18 + 0.34*syllables - 0.03*checked + 0.08*phrase; SD=0.04+0.02*sqrt(syllables)+0.01*phrase+0.005*tone_types,/viət̚/,viết,v,iê,t,v-iə-t̚,"iə,t̚,v","v→iə,iə→t̚",,sắc,sắc,,viết,1,checked_syllable,labiodental → spread_vowel → coronal,"coronal,labiodental,spread_vowel","labiodental→spread_vowel,spread_vowel→coronal","coronal,labiodental,spread_vowel","v:labiodental,iə:spread_vowel,t̚:coronal","v:labiodental→iə:spread_vowel,iə:spread_vowel→t̚:coronal",0.06976744186046512,0.08333333333333333,0.16666666666666666,0.012578616352201259,0,0.006289308176100629,0.3,0.03636363636363636,0.012578616352201259,0.08151418750914144,0.16818181818181818,0.09642842896462904,0.16635548471253356,0.3432282003710575,0.19679271217271233
V064,word,nói,Northern Vietnamese (Hanoi),1,0.52,0.52,0.07,MODELED_PROXY_NOT_RECORDED,0.18 + 0.34*syllables - 0.03*checked + 0.08*phrase; SD=0.04+0.02*sqrt(syllables)+0.01*phrase+0.005*tone_types,/nɔj/,nói,n,o,i,n-ɔ-j,"j,n,ɔ","n→ɔ,ɔ→j",,sắc,sắc,,,0,,coronal → rounded → palatal,"coronal,palatal,rounded","coronal→rounded,rounded→palatal","coronal,palatal,rounded","n:coronal,ɔ:rounded,j:palatal","n:coronal→ɔ:rounded,ɔ:rounded→j:palatal",0.06976744186046512,0.08333333333333333,0.16666666666666666,0.012578616352201259,0,0.006289308176100629,0.3,0.03636363636363636,0.012578616352201259,0.08151418750914144,0.16818181818181818,0.09642842896462904,0.15675805290219508,0.32342657342657344,0.18543928647044045
V065,word,nghe,Northern Vietnamese (Hanoi),1,0.52,0.52,0.07,MODELED_PROXY_NOT_RECORDED,0.18 + 0.34*syllables - 0.03*checked + 0.08*phrase; SD=0.04+0.02*sqrt(syllables)+0.01*phrase+0.005*tone_types,/ŋɛ/,nghe,ngh,e,∅,ŋ-ɛ,"ŋ,ɛ",ŋ→ɛ,,ngang,ngang,,,0,,low_visibility_velar → spread_vowel,"low_visibility_velar,spread_vowel",low_visibility_velar→spread_vowel,"low_visibility_velar,spread_vowel","ŋ:low_visibility_velar,ɛ:spread_vowel",ŋ:low_visibility_velar→ɛ:spread_vowel,0.046511627906976744,0,0.16666666666666666,0.006289308176100629,0,0.0031446540880503146,0.2,0.01818181818181818,0.006289308176100629,0.05408073716542343,0.1090909090909091,0.06297058214565894,0.10400141762581429,0.2097902097902098,0.12109727335703642
V066,word,nhìn,Northern Vietnamese (Hanoi),1,0.52,0.52,0.07,MODELED_PROXY_NOT_RECORDED,0.18 + 0.34*syllables - 0.03*checked + 0.08*phrase; SD=0.04+0.02*sqrt(syllables)+0.01*phrase+0.005*tone_types,/ɲin/,nhìn,nh,i,n,ɲ-i-n,"i,n,ɲ","ɲ→i,i→n",,huyền,huyền,,,0,,palatal → spread_vowel → coronal,"coronal,palatal,spread_vowel","palatal→spread_vowel,spread_vowel→coronal","coronal,palatal,spread_vowel","ɲ:palatal,i:spread_vowel,n:coronal","ɲ:palatal→i:spread_vowel,i:spread_vowel→n:coronal",0.06976744186046512,0.08333333333333333,0.16666666666666666,0.012578616352201259,0,0.006289308176100629,0.3,0.03636363636363636,0.012578616352201259,0.08151418750914144,0.16818181818181818,0.09642842896462904,0.15675805290219508,0.32342657342657344,0.18543928647044045
V067,word,học,Northern Vietnamese (Hanoi),1,0.49,0.49,0.07,MODELED_PROXY_NOT_RECORDED,0.18 + 0.34*syllables - 0.03*checked + 0.08*phrase; SD=0.04+0.02*sqrt(syllables)+0.01*phrase+0.005*tone_types,/hɔk̚/,học,h,o,c,h-ɔ-k̚,"h,k̚,ɔ","h→ɔ,ɔ→k̚",,nặng,nặng,,học,1,"checked_syllable,phonation_contrast",glottal → rounded → low_visibility_velar,"glottal,low_visibility_velar,rounded","glottal→rounded,rounded→low_visibility_velar","glottal,low_visibility_velar,rounded","h:glottal,ɔ:rounded,k̚:low_visibility_velar","h:glottal→ɔ:rounded,ɔ:rounded→k̚:low_visibility_velar",0.06976744186046512,0.08333333333333333,0.16666666666666666,0.012578616352201259,0,0.006289308176100629,0.3,0.03636363636363636,0.012578616352201259,0.08151418750914144,0.16818181818181818,0.09642842896462904,0.16635548471253356,0.3432282003710575,0.19679271217271233
V068,word,làm,Northern Vietnamese (Hanoi),1,0.52,0.52,0.07,MODELED_PROXY_NOT_RECORDED,0.18 + 0.34*syllables - 0.03*checked + 0.08*phrase; SD=0.04+0.02*sqrt(syllables)+0.01*phrase+0.005*tone_types,/laːm/,làm,l,a,m,l-aː-m,"aː,l,m","l→aː,aː→m",,huyền,huyền,,,0,,coronal → open_vowel → bilabial_closure,"bilabial_closure,coronal,open_vowel","coronal→open_vowel,open_vowel→bilabial_closure","bilabial_closure,coronal,open_vowel","l:coronal,aː:open_vowel,m:bilabial_closure","l:coronal→aː:open_vowel,aː:open_vowel→m:bilabial_closure",0.06976744186046512,0.08333333333333333,0.16666666666666666,0.012578616352201259,0,0.006289308176100629,0.3,0.03636363636363636,0.012578616352201259,0.08151418750914144,0.16818181818181818,0.09642842896462904,0.15675805290219508,0.32342657342657344,0.18543928647044045
V069,word,chơi,Northern Vietnamese (Hanoi),1,0.52,0.52,0.07,MODELED_PROXY_NOT_RECORDED,0.18 + 0.34*syllables - 0.03*checked + 0.08*phrase; SD=0.04+0.02*sqrt(syllables)+0.01*phrase+0.005*tone_types,/cɤj/,chơi,ch,ơ,i,c-ɤ-j,"c,j,ɤ","c→ɤ,ɤ→j",,ngang,ngang,,,0,,palatal → central_vowel → palatal,"central_vowel,palatal","palatal→central_vowel,central_vowel→palatal","central_vowel,palatal","c:palatal,ɤ:central_vowel,j:palatal","c:palatal→ɤ:central_vowel,ɤ:central_vowel→j:palatal",0.06976744186046512,0.08333333333333333,0.16666666666666666,0.012578616352201259,0,0.006289308176100629,0.2,0.03636363636363636,0.012578616352201259,0.08151418750914144,0.1181818181818182,0.08214271467891478,0.15675805290219508,0.2272727272727273,0.15796675899791301
V070,word,ngủ,Northern Vietnamese (Hanoi),1,0.52,0.52,0.07,MODELED_PROXY_NOT_RECORDED,0.18 + 0.34*syllables - 0.03*checked + 0.08*phrase; SD=0.04+0.02*sqrt(syllables)+0.01*phrase+0.005*tone_types,/ŋu/,ngủ,ng,u,∅,ŋ-u,"u,ŋ",ŋ→u,,hỏi,hỏi,,,0,,low_visibility_velar → rounded,"low_visibility_velar,rounded",low_visibility_velar→rounded,"low_visibility_velar,rounded","ŋ:low_visibility_velar,u:rounded",ŋ:low_visibility_velar→u:rounded,0.046511627906976744,0,0.16666666666666666,0.006289308176100629,0,0.0031446540880503146,0.2,0.01818181818181818,0.006289308176100629,0.05408073716542343,0.1090909090909091,0.06297058214565894,0.10400141762581429,0.2097902097902098,0.12109727335703642
V071,word,trường,Northern Vietnamese (Hanoi),1,0.52,0.52,0.07,MODELED_PROXY_NOT_RECORDED,0.18 + 0.34*syllables - 0.03*checked + 0.08*phrase; SD=0.04+0.02*sqrt(syllables)+0.01*phrase+0.005*tone_types,/ʈɯəŋ/,trường,tr,ươ,ng,ʈ-ɯə-ŋ,"ŋ,ɯə,ʈ","ʈ→ɯə,ɯə→ŋ",,huyền,huyền,,,0,,coronal → central_vowel → low_visibility_velar,"central_vowel,coronal,low_visibility_velar","coronal→central_vowel,central_vowel→low_visibility_velar","central_vowel,coronal,low_visibility_velar","ʈ:coronal,ɯə:central_vowel,ŋ:low_visibility_velar","ʈ:coronal→ɯə:central_vowel,ɯə:central_vowel→ŋ:low_visibility_velar",0.06976744186046512,0.08333333333333333,0.16666666666666666,0.012578616352201259,0,0.006289308176100629,0.3,0.03636363636363636,0.012578616352201259,0.08151418750914144,0.16818181818181818,0.09642842896462904,0.15675805290219508,0.32342657342657344,0.18543928647044045
V072,word,lớp,Northern Vietnamese (Hanoi),1,0.49,0.49,0.07,MODELED_PROXY_NOT_RECORDED,0.18 + 0.34*syllables - 0.03*checked + 0.08*phrase; SD=0.04+0.02*sqrt(syllables)+0.01*phrase+0.005*tone_types,/lɤp̚/,lớp,l,ơ,p,l-ɤ-p̚,"l,p̚,ɤ","l→ɤ,ɤ→p̚",,sắc,sắc,,lớp,1,checked_syllable,coronal → central_vowel → bilabial_closure,"bilabial_closure,central_vowel,coronal","coronal→central_vowel,central_vowel→bilabial_closure","bilabial_closure,central_vowel,coronal","l:coronal,ɤ:central_vowel,p̚:bilabial_closure","l:coronal→ɤ:central_vowel,ɤ:central_vowel→p̚:bilabial_closure",0.06976744186046512,0.08333333333333333,0.16666666666666666,0.012578616352201259,0,0.006289308176100629,0.3,0.03636363636363636,0.012578616352201259,0.08151418750914144,0.16818181818181818,0.09642842896462904,0.16635548471253356,0.3432282003710575,0.19679271217271233
V073,word,việc,Northern Vietnamese (Hanoi),1,0.49,0.49,0.07,MODELED_PROXY_NOT_RECORDED,0.18 + 0.34*syllables - 0.03*checked + 0.08*phrase; SD=0.04+0.02*sqrt(syllables)+0.01*phrase+0.005*tone_types,/viək̚/,việc,v,iê,c,v-iə-k̚,"iə,k̚,v","v→iə,iə→k̚",,nặng,nặng,,việc,1,"checked_syllable,phonation_contrast",labiodental → spread_vowel → low_visibility_velar,"labiodental,low_visibility_velar,spread_vowel","labiodental→spread_vowel,spread_vowel→low_visibility_velar","labiodental,low_visibility_velar,spread_vowel","v:labiodental,iə:spread_vowel,k̚:low_visibility_velar","v:labiodental→iə:spread_vowel,iə:spread_vowel→k̚:low_visibility_velar",0.06976744186046512,0.08333333333333333,0.16666666666666666,0.012578616352201259,0,0.006289308176100629,0.3,0.03636363636363636,0.012578616352201259,0.08151418750914144,0.16818181818181818,0.09642842896462904,0.16635548471253356,0.3432282003710575,0.19679271217271233
V074,word,bệnh,Northern Vietnamese (Hanoi),1,0.52,0.52,0.07,MODELED_PROXY_NOT_RECORDED,0.18 + 0.34*syllables - 0.03*checked + 0.08*phrase; SD=0.04+0.02*sqrt(syllables)+0.01*phrase+0.005*tone_types,/ɓeɲ/,bệnh,b,ê,nh,ɓ-e-ɲ,"e,ɓ,ɲ","ɓ→e,e→ɲ",,nặng,nặng,,,0,phonation_contrast,bilabial_closure → spread_vowel → palatal,"bilabial_closure,palatal,spread_vowel","bilabial_closure→spread_vowel,spread_vowel→palatal","bilabial_closure,palatal,spread_vowel","ɓ:bilabial_closure,e:spread_vowel,ɲ:palatal","ɓ:bilabial_closure→e:spread_vowel,e:spread_vowel→ɲ:palatal",0.06976744186046512,0.08333333333333333,0.16666666666666666,0.012578616352201259,0,0.006289308176100629,0.3,0.03636363636363636,0.012578616352201259,0.08151418750914144,0.16818181818181818,0.09642842896462904,0.15675805290219508,0.32342657342657344,0.18543928647044045
V075,word,tiền,Northern Vietnamese (Hanoi),1,0.52,0.52,0.07,MODELED_PROXY_NOT_RECORDED,0.18 + 0.34*syllables - 0.03*checked + 0.08*phrase; SD=0.04+0.02*sqrt(syllables)+0.01*phrase+0.005*tone_types,/tiən/,tiền,t,iê,n,t-iə-n,"iə,n,t","t→iə,iə→n",,huyền,huyền,,,0,,coronal → spread_vowel → coronal,"coronal,spread_vowel","coronal→spread_vowel,spread_vowel→coronal","coronal,spread_vowel","t:coronal,iə:spread_vowel,n:coronal","t:coronal→iə:spread_vowel,iə:spread_vowel→n:coronal",0.06976744186046512,0.08333333333333333,0.16666666666666666,0.012578616352201259,0,0.006289308176100629,0.2,0.03636363636363636,0.012578616352201259,0.08151418750914144,0.1181818181818182,0.08214271467891478,0.15675805290219508,0.2272727272727273,0.15796675899791301
V076,word,đường,Northern Vietnamese (Hanoi),1,0.52,0.52,0.07,MODELED_PROXY_NOT_RECORDED,0.18 + 0.34*syllables - 0.03*checked + 0.08*phrase; SD=0.04+0.02*sqrt(syllables)+0.01*phrase+0.005*tone_types,/ɗɯəŋ/,đường,đ,ươ,ng,ɗ-ɯə-ŋ,"ŋ,ɗ,ɯə","ɗ→ɯə,ɯə→ŋ",,huyền,huyền,,,0,,central_vowel → central_vowel → low_visibility_velar,"central_vowel,low_visibility_velar","central_vowel→central_vowel,central_vowel→low_visibility_velar","central_vowel,low_visibility_velar","ɗ:central_vowel,ɯə:central_vowel,ŋ:low_visibility_velar","ɗ:central_vowel→ɯə:central_vowel,ɯə:central_vowel→ŋ:low_visibility_velar",0.06976744186046512,0.08333333333333333,0.16666666666666666,0.012578616352201259,0,0.006289308176100629,0.2,0.03636363636363636,0.012578616352201259,0.08151418750914144,0.1181818181818182,0.08214271467891478,0.15675805290219508,0.2272727272727273,0.15796675899791301
V077,phrase,thành phố,Northern Vietnamese (Hanoi),2,0.94,0.94,0.09,MODELED_PROXY_NOT_RECORDED,0.18 + 0.34*syllables - 0.03*checked + 0.08*phrase; SD=0.04+0.02*sqrt(syllables)+0.01*phrase+0.005*tone_types,/tʰaːɲ/ /fo/,thành-phố,"ph,th","a,ô","nh,∅",tʰ-aː-ɲ-f-o,"aː,f,o,tʰ,ɲ","tʰ→aː,aː→ɲ,ɲ→f,f→o",ɲ→f,huyền-sắc,"huyền,sắc",huyền→sắc,,0,tonal_coarticulation_context,coronal → open_vowel → palatal → labiodental → rounded,"coronal,labiodental,open_vowel,palatal,rounded","coronal→open_vowel,open_vowel→palatal,palatal→labiodental,labiodental→rounded","coronal,labiodental,open_vowel,palatal,rounded","tʰ:coronal,aː:open_vowel,ɲ:palatal,f:labiodental,o:rounded","tʰ:coronal→aː:open_vowel,aː:open_vowel→ɲ:palatal,ɲ:palatal→f:labiodental,f:labiodental→o:rounded",0.11627906976744186,0.08333333333333333,0.3333333333333333,0.025157232704402517,0.0625,0.043828616352201255,0.5,0.07272727272727272,0.025157232704402517,0.14419358819657743,0.2863636363636364,0.167808408316855,0.15339743425167812,0.30464216634429403,0.1785195833158032
V078,phrase,gia đình,Northern Vietnamese (Hanoi),2,0.94,0.94,0.09,MODELED_PROXY_NOT_RECORDED,0.18 + 0.34*syllables - 0.03*checked + 0.08*phrase; SD=0.04+0.02*sqrt(syllables)+0.01*phrase+0.005*tone_types,/zaː/ /ɗiɲ/,gia-đình,"gi,đ","a,i","nh,∅",z-aː-ɗ-i-ɲ,"aː,i,z,ɗ,ɲ","z→aː,aː→ɗ,ɗ→i,i→ɲ",aː→ɗ,ngang-huyền,"huyền,ngang",ngang→huyền,,0,tonal_coarticulation_context,coronal → open_vowel → central_vowel → spread_vowel → palatal,"central_vowel,coronal,open_vowel,palatal,spread_vowel","coronal→open_vowel,open_vowel→central_vowel,central_vowel→spread_vowel,spread_vowel→palatal","central_vowel,coronal,open_vowel,palatal,spread_vowel","z:coronal,aː:open_vowel,ɗ:central_vowel,i:spread_vowel,ɲ:palatal","z:coronal→aː:open_vowel,aː:open_vowel→ɗ:central_vowel,ɗ:central_vowel→i:spread_vowel,i:spread_vowel→ɲ:palatal",0.11627906976744186,0.08333333333333333,0.3333333333333333,0.025157232704402517,0.0625,0.043828616352201255,0.5,0.07272727272727272,0.025157232704402517,0.14419358819657743,0.2863636363636364,0.167808408316855,0.15339743425167812,0.30464216634429403,0.1785195833158032
V079,phrase,điện thoại,Northern Vietnamese (Hanoi),2,0.94,0.94,0.08,MODELED_PROXY_NOT_RECORDED,0.18 + 0.34*syllables - 0.03*checked + 0.08*phrase; SD=0.04+0.02*sqrt(syllables)+0.01*phrase+0.005*tone_types,/ɗiən/ /tʰwaːj/,điện-thoại,"th,đ","iê,oa","i,n",ɗ-iə-n-tʰ-waː-j,"iə,j,n,tʰ,waː,ɗ","ɗ→iə,iə→n,n→tʰ,tʰ→waː,waː→j",n→tʰ,nặng-nặng,nặng,nặng→nặng,,0,"phonation_contrast,tonal_coarticulation_context",central_vowel → spread_vowel → coronal → coronal → rounded → palatal,"central_vowel,coronal,palatal,rounded,spread_vowel","central_vowel→spread_vowel,spread_vowel→coronal,coronal→coronal,coronal→rounded,rounded→palatal","central_vowel,coronal,palatal,rounded,spread_vowel","ɗ:central_vowel,iə:spread_vowel,n:coronal,tʰ:coronal,waː:rounded,j:palatal","ɗ:central_vowel→iə:spread_vowel,iə:spread_vowel→n:coronal,n:coronal→tʰ:coronal,tʰ:coronal→waː:rounded,waː:rounded→j:palatal",0.13953488372093023,0.16666666666666666,0.16666666666666666,0.031446540880503145,0.0625,0.04697327044025157,0.5,0.09090909090909091,0.031446540880503145,0.12996037187362877,0.29545454545454547,0.16317101704058698,0.13825571475917955,0.31431334622823986,0.17358618834105
V080,phrase,máy tính,Northern Vietnamese (Hanoi),2,0.94,0.94,0.08,MODELED_PROXY_NOT_RECORDED,0.18 + 0.34*syllables - 0.03*checked + 0.08*phrase; SD=0.04+0.02*sqrt(syllables)+0.01*phrase+0.005*tone_types,/maːj/ /tiɲ/,máy-tính,"m,t","a,i","nh,y",m-aː-j-t-i-ɲ,"aː,i,j,m,t,ɲ","m→aː,aː→j,j→t,t→i,i→ɲ",j→t,sắc-sắc,sắc,sắc→sắc,,0,tonal_coarticulation_context,bilabial_closure → open_vowel → palatal → coronal → spread_vowel → palatal,"bilabial_closure,coronal,open_vowel,palatal,spread_vowel","bilabial_closure→open_vowel,open_vowel→palatal,palatal→coronal,coronal→spread_vowel,spread_vowel→palatal","bilabial_closure,coronal,open_vowel,palatal,spread_vowel","m:bilabial_closure,aː:open_vowel,j:palatal,t:coronal,i:spread_vowel,ɲ:palatal","m:bilabial_closure→aː:open_vowel,aː:open_vowel→j:palatal,j:palatal→t:coronal,t:coronal→i:spread_vowel,i:spread_vowel→ɲ:palatal",0.13953488372093023,0.16666666666666666,0.16666666666666666,0.031446540880503145,0.0625,0.04697327044025157,0.5,0.09090909090909091,0.031446540880503145,0.12996037187362877,0.29545454545454547,0.16317101704058698,0.13825571475917955,0.31431334622823986,0.17358618834105
V081,phrase,xin chào,Northern Vietnamese (Hanoi),2,0.94,0.94,0.09,MODELED_PROXY_NOT_RECORDED,0.18 + 0.34*syllables - 0.03*checked + 0.08*phrase; SD=0.04+0.02*sqrt(syllables)+0.01*phrase+0.005*tone_types,/sin/ /caːw/,xin-chào,"ch,x","a,i","n,o",s-i-n-c-aː-w,"aː,c,i,n,s,w","s→i,i→n,n→c,c→aː,aː→w",n→c,ngang-huyền,"huyền,ngang",ngang→huyền,,0,tonal_coarticulation_context,coronal → spread_vowel → coronal → palatal → open_vowel → rounded,"coronal,open_vowel,palatal,rounded,spread_vowel","coronal→spread_vowel,spread_vowel→coronal,coronal→palatal,palatal→open_vowel,open_vowel→rounded","coronal,open_vowel,palatal,rounded,spread_vowel","s:coronal,i:spread_vowel,n:coronal,c:palatal,aː:open_vowel,w:rounded","s:coronal→i:spread_vowel,i:spread_vowel→n:coronal,n:coronal→c:palatal,c:palatal→aː:open_vowel,aː:open_vowel→w:rounded",0.13953488372093023,0.16666666666666666,0.3333333333333333,0.031446540880503145,0.0625,0.04697327044025157,0.5,0.09090909090909091,0.031446540880503145,0.17162703854029546,0.29545454545454547,0.18698054085011084,0.18258195589393134,0.31431334622823986,0.19891546898947962
V082,phrase,cảm ơn,Northern Vietnamese (Hanoi),2,0.94,0.94,0.09,MODELED_PROXY_NOT_RECORDED,0.18 + 0.34*syllables - 0.03*checked + 0.08*phrase; SD=0.04+0.02*sqrt(syllables)+0.01*phrase+0.005*tone_types,/kaːm/ /ɤn/,cảm-ơn,"c,∅","a,ơ","m,n",k-aː-m-ɤ-n,"aː,k,m,n,ɤ","k→aː,aː→m,m→ɤ,ɤ→n",m→ɤ,hỏi-ngang,"hỏi,ngang",hỏi→ngang,,0,tonal_coarticulation_context,low_visibility_velar → open_vowel → bilabial_closure → central_vowel → coronal,"bilabial_closure,central_vowel,coronal,low_visibility_velar,open_vowel","low_visibility_velar→open_vowel,open_vowel→bilabial_closure,bilabial_closure→central_vowel,central_vowel→coronal","bilabial_closure,central_vowel,coronal,low_visibility_velar,open_vowel","k:low_visibility_velar,aː:open_vowel,m:bilabial_closure,ɤ:central_vowel,n:coronal","k:low_visibility_velar→aː:open_vowel,aː:open_vowel→m:bilabial_closure,m:bilabial_closure→ɤ:central_vowel,ɤ:central_vowel→n:coronal",0.11627906976744186,0.16666666666666666,0.3333333333333333,0.025157232704402517,0.0625,0.043828616352201255,0.5,0.07272727272727272,0.025157232704402517,0.16502692152991078,0.2863636363636364,0.1797131702216169,0.17556055481905403,0.30464216634429403,0.191184223640018
V083,phrase,chào buổi sáng,Northern Vietnamese (Hanoi),3,1.28,1.28,0.1,MODELED_PROXY_NOT_RECORDED,0.18 + 0.34*syllables - 0.03*checked + 0.08*phrase; SD=0.04+0.02*sqrt(syllables)+0.01*phrase+0.005*tone_types,/caːw/ /ɓuəj/ /ʂaːŋ/,chào-buổi-sáng,"b,ch,s","a,uô","i,ng,o",c-aː-w-ɓ-uə-j-ʂ-aː-ŋ,"aː,c,j,uə,w,ŋ,ɓ,ʂ","c→aː,aː→w,w→ɓ,ɓ→uə,uə→j,j→ʂ,ʂ→aː,aː→ŋ","w→ɓ,j→ʂ",huyền-hỏi-sắc,"huyền,hỏi,sắc","huyền→hỏi,hỏi→sắc",,0,tonal_coarticulation_context,palatal → open_vowel → rounded → bilabial_closure → rounded → palatal → coronal → open_vowel → low_visibility_velar,"bilabial_closure,coronal,low_visibility_velar,open_vowel,palatal,rounded","palatal→open_vowel,open_vowel→rounded,rounded→bilabial_closure,bilabial_closure→rounded,rounded→palatal,palatal→coronal,coronal→open_vowel,open_vowel→low_visibility_velar","bilabial_closure,coronal,low_visibility_velar,open_vowel,palatal,rounded","c:palatal,aː:open_vowel,w:rounded,ɓ:bilabial_closure,uə:rounded,j:palatal,ʂ:coronal,aː:open_vowel,ŋ:low_visibility_velar","c:palatal→aː:open_vowel,aː:open_vowel→w:rounded,w:rounded→ɓ:bilabial_closure,ɓ:bilabial_closure→uə:rounded,uə:rounded→j:palatal,j:palatal→ʂ:coronal,ʂ:coronal→aː:open_vowel,aː:open_vowel→ŋ:low_visibility_velar",0.18604651162790697,0.25,0.5,0.050314465408805034,0.125,0.08765723270440251,0.6,0.14545454545454545,0.050314465408805034,0.25592593608307734,0.3727272727272727,0.2599246793136657,0.19994213756490417,0.29119318181818177,0.20306615571380132
V084,phrase,tôi tên là Lan,Northern Vietnamese (Hanoi),4,1.62,1.62,0.1,MODELED_PROXY_NOT_RECORDED,0.18 + 0.34*syllables - 0.03*checked + 0.08*phrase; SD=0.04+0.02*sqrt(syllables)+0.01*phrase+0.005*tone_types,/toj/ /ten/ /laː/ /laːn/,tôi-tên-là-Lan,"l,t","a,ê,ô","i,n,∅",t-o-j-t-e-n-l-aː-l-aː-n,"aː,e,j,l,n,o,t","t→o,o→j,j→t,t→e,e→n,n→l,l→aː,aː→l,l→aː,aː→n","j→t,n→l,aː→l",ngang-ngang-huyền-ngang,"huyền,ngang","ngang→ngang,ngang→huyền,huyền→ngang",,0,tonal_coarticulation_context,coronal → rounded → palatal → coronal → spread_vowel → coronal → coronal → open_vowel → coronal → open_vowel → coronal,"coronal,open_vowel,palatal,rounded,spread_vowel","coronal→rounded,rounded→palatal,palatal→coronal,coronal→spread_vowel,spread_vowel→coronal,coronal→coronal,coronal→open_vowel,open_vowel→coronal,coronal→open_vowel,open_vowel→coronal","coronal,open_vowel,palatal,rounded,spread_vowel","t:coronal,o:rounded,j:palatal,t:coronal,e:spread_vowel,n:coronal,l:coronal,aː:open_vowel,l:coronal,aː:open_vowel,n:coronal","t:coronal→o:rounded,o:rounded→j:palatal,j:palatal→t:coronal,t:coronal→e:spread_vowel,e:spread_vowel→n:coronal,n:coronal→l:coronal,l:coronal→aː:open_vowel,aː:open_vowel→l:coronal,l:coronal→aː:open_vowel,aː:open_vowel→n:coronal",0.16279069767441862,0.16666666666666666,0.3333333333333333,0.05660377358490566,0.1875,0.12205188679245282,0.5,0.14545454545454545,0.05660377358490566,0.19621064611671787,0.32272727272727275,0.21241441478661754,0.12111768278809744,0.19921436588103256,0.13112000912754168
V085,phrase,bạn khỏe không,Northern Vietnamese (Hanoi),3,1.28,1.28,0.1,MODELED_PROXY_NOT_RECORDED,0.18 + 0.34*syllables - 0.03*checked + 0.08*phrase; SD=0.04+0.02*sqrt(syllables)+0.01*phrase+0.005*tone_types,/ɓaːn/ /xwɛ/ /xoŋ/,bạn-khỏe-không,"b,kh","a,oe,ô","n,ng,∅",ɓ-aː-n-x-wɛ-x-o-ŋ,"aː,n,o,wɛ,x,ŋ,ɓ","ɓ→aː,aː→n,n→x,x→wɛ,wɛ→x,x→o,o→ŋ","n→x,wɛ→x",nặng-hỏi-ngang,"hỏi,ngang,nặng","nặng→hỏi,hỏi→ngang",,0,"phonation_contrast,tonal_coarticulation_context",bilabial_closure → open_vowel → coronal → low_visibility_velar → rounded → low_visibility_velar → rounded → low_visibility_velar,"bilabial_closure,coronal,low_visibility_velar,open_vowel,rounded","bilabial_closure→open_vowel,open_vowel→coronal,coronal→low_visibility_velar,low_visibility_velar→rounded,rounded→low_visibility_velar,low_visibility_velar→rounded,rounded→low_visibility_velar","bilabial_closure,coronal,low_visibility_velar,open_vowel,rounded","ɓ:bilabial_closure,aː:open_vowel,n:coronal,x:low_visibility_velar,wɛ:rounded,x:low_visibility_velar,o:rounded,ŋ:low_visibility_velar","ɓ:bilabial_closure→aː:open_vowel,aː:open_vowel→n:coronal,n:coronal→x:low_visibility_velar,x:low_visibility_velar→wɛ:rounded,wɛ:rounded→x:low_visibility_velar,x:low_visibility_velar→o:rounded,o:rounded→ŋ:low_visibility_velar",0.16279069767441862,0.16666666666666666,0.5,0.0440251572327044,0.125,0.0845125786163522,0.5,0.09090909090909091,0.0440251572327044,0.22849248573935937,0.29545454545454547,0.2212720272998904,0.17850975448387452,0.23082386363636365,0.17286877132803938
V086,phrase,tôi uống nước,Northern Vietnamese (Hanoi),3,1.25,1.25,0.09,MODELED_PROXY_NOT_RECORDED,0.18 + 0.34*syllables - 0.03*checked + 0.08*phrase; SD=0.04+0.02*sqrt(syllables)+0.01*phrase+0.005*tone_types,/toj/ /uəŋ/ /nɯək̚/,tôi-uống-nước,"n,t,∅","uô,ô,ươ","c,i,ng",t-o-j-uə-ŋ-n-ɯə-k̚,"j,k̚,n,o,t,uə,ŋ,ɯə","t→o,o→j,j→uə,uə→ŋ,ŋ→n,n→ɯə,ɯə→k̚","j→uə,ŋ→n",ngang-sắc-sắc,"ngang,sắc","ngang→sắc,sắc→sắc",nước,1,"checked_syllable,tonal_coarticulation_context",coronal → rounded → palatal → rounded → low_visibility_velar → coronal → central_vowel → low_visibility_velar,"central_vowel,coronal,low_visibility_velar,palatal,rounded","coronal→rounded,rounded→palatal,palatal→rounded,rounded→low_visibility_velar,low_visibility_velar→coronal,coronal→central_vowel,central_vowel→low_visibility_velar","central_vowel,coronal,low_visibility_velar,palatal,rounded","t:coronal,o:rounded,j:palatal,uə:rounded,ŋ:low_visibility_velar,n:coronal,ɯə:central_vowel,k̚:low_visibility_velar","t:coronal→o:rounded,o:rounded→j:palatal,j:palatal→uə:rounded,uə:rounded→ŋ:low_visibility_velar,ŋ:low_visibility_velar→n:coronal,n:coronal→ɯə:central_vowel,ɯə:central_vowel→k̚:low_visibility_velar",0.18604651162790697,0.25,0.3333333333333333,0.0440251572327044,0.125,0.0845125786163522,0.5,0.12727272727272726,0.0440251572327044,0.21347310589439814,0.3136363636363636,0.21788432972614633,0.1707784847155185,0.25090909090909086,0.17430746378091705
V087,phrase,em đọc sách,Northern Vietnamese (Hanoi),3,1.22,1.22,0.1,MODELED_PROXY_NOT_RECORDED,0.18 + 0.34*syllables - 0.03*checked + 0.08*phrase; SD=0.04+0.02*sqrt(syllables)+0.01*phrase+0.005*tone_types,/ɛm/ /ɗɔk̚/ /ʂaːc̚/,em-đọc-sách,"s,đ,∅","a,e,o","c,ch,m",ɛ-m-ɗ-ɔ-k̚-ʂ-aː-c̚,"aː,c̚,k̚,m,ɔ,ɗ,ɛ,ʂ","ɛ→m,m→ɗ,ɗ→ɔ,ɔ→k̚,k̚→ʂ,ʂ→aː,aː→c̚","m→ɗ,k̚→ʂ",ngang-nặng-sắc,"ngang,nặng,sắc","ngang→nặng,nặng→sắc","đọc,sách",2,"checked_syllable,phonation_contrast,tonal_coarticulation_context",spread_vowel → bilabial_closure → central_vowel → rounded → low_visibility_velar → coronal → open_vowel → palatal,"bilabial_closure,central_vowel,coronal,low_visibility_velar,open_vowel,palatal,rounded,spread_vowel","spread_vowel→bilabial_closure,bilabial_closure→central_vowel,central_vowel→rounded,rounded→low_visibility_velar,low_visibility_velar→coronal,coronal→open_vowel,open_vowel→palatal","bilabial_closure,central_vowel,coronal,low_visibility_velar,open_vowel,palatal,rounded,spread_vowel","ɛ:spread_vowel,m:bilabial_closure,ɗ:central_vowel,ɔ:rounded,k̚:low_visibility_velar,ʂ:coronal,aː:open_vowel,c̚:palatal","ɛ:spread_vowel→m:bilabial_closure,m:bilabial_closure→ɗ:central_vowel,ɗ:central_vowel→ɔ:rounded,ɔ:rounded→k̚:low_visibility_velar,k̚:low_visibility_velar→ʂ:coronal,ʂ:coronal→aː:open_vowel,aː:open_vowel→c̚:palatal",0.18604651162790697,0.25,0.5,0.0440251572327044,0.125,0.0845125786163522,0.8,0.12727272727272726,0.0440251572327044,0.2551397725610648,0.4636363636363636,0.28455099639281295,0.20913096111562687,0.38002980625931443,0.23323852163345324
V088,phrase,mẹ nấu cơm,Northern Vietnamese (Hanoi),3,1.28,1.28,0.1,MODELED_PROXY_NOT_RECORDED,0.18 + 0.34*syllables - 0.03*checked + 0.08*phrase; SD=0.04+0.02*sqrt(syllables)+0.01*phrase+0.005*tone_types,/mɛ/ /nəw/ /kɤm/,mẹ-nấu-cơm,"c,m,n","e,â,ơ","m,u,∅",m-ɛ-n-ə-w-k-ɤ-m,"k,m,n,w,ə,ɛ,ɤ","m→ɛ,ɛ→n,n→ə,ə→w,w→k,k→ɤ,ɤ→m","ɛ→n,w→k",nặng-sắc-ngang,"ngang,nặng,sắc","nặng→sắc,sắc→ngang",,0,"phonation_contrast,tonal_coarticulation_context",bilabial_closure → spread_vowel → coronal → central_vowel → rounded → low_visibility_velar → central_vowel → bilabial_closure,"bilabial_closure,central_vowel,coronal,low_visibility_velar,rounded,spread_vowel","bilabial_closure→spread_vowel,spread_vowel→coronal,coronal→central_vowel,central_vowel→rounded,rounded→low_visibility_velar,low_visibility_velar→central_vowel,central_vowel→bilabial_closure","bilabial_closure,central_vowel,coronal,low_visibility_velar,rounded,spread_vowel","m:bilabial_closure,ɛ:spread_vowel,n:coronal,ə:central_vowel,w:rounded,k:low_visibility_velar,ɤ:central_vowel,m:bilabial_closure","m:bilabial_closure→ɛ:spread_vowel,ɛ:spread_vowel→n:coronal,n:coronal→ə:central_vowel,ə:central_vowel→w:rounded,w:rounded→k:low_visibility_velar,k:low_visibility_velar→ɤ:central_vowel,ɤ:central_vowel→m:bilabial_closure",0.16279069767441862,0.16666666666666666,0.5,0.0440251572327044,0.125,0.0845125786163522,0.6,0.12727272727272726,0.0440251572327044,0.22849248573935937,0.36363636363636365,0.24075254678040986,0.17850975448387452,0.2840909090909091,0.1880879271721952
V089,phrase,bố đi làm,Northern Vietnamese (Hanoi),3,1.28,1.28,0.1,MODELED_PROXY_NOT_RECORDED,0.18 + 0.34*syllables - 0.03*checked + 0.08*phrase; SD=0.04+0.02*sqrt(syllables)+0.01*phrase+0.005*tone_types,/ɓo/ /ɗi/ /laːm/,bố-đi-làm,"b,l,đ","a,i,ô","m,∅",ɓ-o-ɗ-i-l-aː-m,"aː,i,l,m,o,ɓ,ɗ","ɓ→o,o→ɗ,ɗ→i,i→l,l→aː,aː→m","o→ɗ,i→l",sắc-ngang-huyền,"huyền,ngang,sắc","sắc→ngang,ngang→huyền",,0,tonal_coarticulation_context,bilabial_closure → rounded → central_vowel → spread_vowel → coronal → open_vowel → bilabial_closure,"bilabial_closure,central_vowel,coronal,open_vowel,rounded,spread_vowel","bilabial_closure→rounded,rounded→central_vowel,central_vowel→spread_vowel,spread_vowel→coronal,coronal→open_vowel,open_vowel→bilabial_closure","bilabial_closure,central_vowel,coronal,open_vowel,rounded,spread_vowel","ɓ:bilabial_closure,o:rounded,ɗ:central_vowel,i:spread_vowel,l:coronal,aː:open_vowel,m:bilabial_closure","ɓ:bilabial_closure→o:rounded,o:rounded→ɗ:central_vowel,ɗ:central_vowel→i:spread_vowel,i:spread_vowel→l:coronal,l:coronal→aː:open_vowel,aː:open_vowel→m:bilabial_closure",0.16279069767441862,0.08333333333333333,0.5,0.03773584905660377,0.125,0.08136792452830188,0.6,0.10909090909090909,0.03773584905660377,0.20687298888401345,0.35454545454545455,0.22490267338336664,0.1616195225656355,0.27698863636363635,0.1757052135807552
V090,phrase,trẻ em chơi,Northern Vietnamese (Hanoi),3,1.28,1.28,0.09,MODELED_PROXY_NOT_RECORDED,0.18 + 0.34*syllables - 0.03*checked + 0.08*phrase; SD=0.04+0.02*sqrt(syllables)+0.01*phrase+0.005*tone_types,/ʈɛ/ /ɛm/ /cɤj/,trẻ-em-chơi,"ch,tr,∅","e,ơ","i,m,∅",ʈ-ɛ-ɛ-m-c-ɤ-j,"c,j,m,ɛ,ɤ,ʈ","ʈ→ɛ,ɛ→ɛ,ɛ→m,m→c,c→ɤ,ɤ→j","ɛ→ɛ,m→c",hỏi-ngang-ngang,"hỏi,ngang","hỏi→ngang,ngang→ngang",,0,tonal_coarticulation_context,coronal → spread_vowel → spread_vowel → bilabial_closure → palatal → central_vowel → palatal,"bilabial_closure,central_vowel,coronal,palatal,spread_vowel","coronal→spread_vowel,spread_vowel→spread_vowel,spread_vowel→bilabial_closure,bilabial_closure→palatal,palatal→central_vowel,central_vowel→palatal","bilabial_closure,central_vowel,coronal,palatal,spread_vowel","ʈ:coronal,ɛ:spread_vowel,ɛ:spread_vowel,m:bilabial_closure,c:palatal,ɤ:central_vowel,j:palatal","ʈ:coronal→ɛ:spread_vowel,ɛ:spread_vowel→ɛ:spread_vowel,ɛ:spread_vowel→m:bilabial_closure,m:bilabial_closure→c:palatal,c:palatal→ɤ:central_vowel,ɤ:central_vowel→j:palatal",0.13953488372093023,0.16666666666666666,0.3333333333333333,0.03773584905660377,0.125,0.08136792452830188,0.5,0.10909090909090909,0.03773584905660377,0.18022570206230804,0.30454545454545456,0.19538993805667787,0.14080132973617815,0.23792613636363638,0.15264838910677958
V091,phrase,nhà ở đây,Northern Vietnamese (Hanoi),3,1.28,1.28,0.1,MODELED_PROXY_NOT_RECORDED,0.18 + 0.34*syllables - 0.03*checked + 0.08*phrase; SD=0.04+0.02*sqrt(syllables)+0.01*phrase+0.005*tone_types,/ɲaː/ /ɤ/ /ɗəj/,nhà-ở-đây,"nh,đ,∅","a,â,ơ","y,∅",ɲ-aː-ɤ-ɗ-ə-j,"aː,j,ɗ,ə,ɤ,ɲ","ɲ→aː,aː→ɤ,ɤ→ɗ,ɗ→ə,ə→j","aː→ɤ,ɤ→ɗ",huyền-hỏi-ngang,"huyền,hỏi,ngang","huyền→hỏi,hỏi→ngang",,0,tonal_coarticulation_context,palatal → open_vowel → central_vowel → central_vowel → central_vowel → palatal,"central_vowel,open_vowel,palatal","palatal→open_vowel,open_vowel→central_vowel,central_vowel→central_vowel,central_vowel→central_vowel,central_vowel→palatal","central_vowel,open_vowel,palatal","ɲ:palatal,aː:open_vowel,ɤ:central_vowel,ɗ:central_vowel,ə:central_vowel,j:palatal","ɲ:palatal→aː:open_vowel,aː:open_vowel→ɤ:central_vowel,ɤ:central_vowel→ɗ:central_vowel,ɗ:central_vowel→ə:central_vowel,ə:central_vowel→j:palatal",0.13953488372093023,0.08333333333333333,0.5,0.031446540880503145,0.125,0.07822327044025157,0.3,0.07272727272727272,0.031446540880503145,0.20027287187362877,0.18636363636363634,0.17218075730032728,0.15646318115127247,0.14559659090909088,0.13451621664088068
V092,phrase,trời hôm nay đẹp,Northern Vietnamese (Hanoi),4,1.59,1.59,0.11,MODELED_PROXY_NOT_RECORDED,0.18 + 0.34*syllables - 0.03*checked + 0.08*phrase; SD=0.04+0.02*sqrt(syllables)+0.01*phrase+0.005*tone_types,/ʈɤj/ /hom/ /naːj/ /ɗɛp̚/,trời-hôm-nay-đẹp,"h,n,tr,đ","a,e,ô,ơ","i,m,p,y",ʈ-ɤ-j-h-o-m-n-aː-j-ɗ-ɛ-p̚,"aː,h,j,m,n,o,p̚,ɗ,ɛ,ɤ,ʈ","ʈ→ɤ,ɤ→j,j→h,h→o,o→m,m→n,n→aː,aː→j,j→ɗ,ɗ→ɛ,ɛ→p̚","j→h,m→n,j→ɗ",huyền-ngang-ngang-nặng,"huyền,ngang,nặng","huyền→ngang,ngang→ngang,ngang→nặng",đẹp,1,"checked_syllable,phonation_contrast,tonal_coarticulation_context",coronal → central_vowel → palatal → glottal → rounded → bilabial_closure → coronal → open_vowel → palatal → central_vowel → spread_vowel → bilabial_closure,"bilabial_closure,central_vowel,coronal,glottal,open_vowel,palatal,rounded,spread_vowel","coronal→central_vowel,central_vowel→palatal,palatal→glottal,glottal→rounded,rounded→bilabial_closure,bilabial_closure→coronal,coronal→open_vowel,open_vowel→palatal,palatal→central_vowel,central_vowel→spread_vowel,spread_vowel→bilabial_closure","bilabial_closure,central_vowel,coronal,glottal,open_vowel,palatal,rounded,spread_vowel","ʈ:coronal,ɤ:central_vowel,j:palatal,h:glottal,o:rounded,m:bilabial_closure,n:coronal,aː:open_vowel,j:palatal,ɗ:central_vowel,ɛ:spread_vowel,p̚:bilabial_closure","ʈ:coronal→ɤ:central_vowel,ɤ:central_vowel→j:palatal,j:palatal→h:glottal,h:glottal→o:rounded,o:rounded→m:bilabial_closure,m:bilabial_closure→n:coronal,n:coronal→aː:open_vowel,aː:open_vowel→j:palatal,j:palatal→ɗ:central_vowel,ɗ:central_vowel→ɛ:spread_vowel,ɛ:spread_vowel→p̚:bilabial_closure",0.2558139534883721,0.3333333333333333,0.5,0.06918238993710692,0.1875,0.12834119496855345,0.8,0.2,0.06918238993710692,0.3043721204475647,0.5,0.3266672673896237,0.1914290065707954,0.31446540880503143,0.20545111156580106
V093,phrase,tôi thích âm nhạc,Northern Vietnamese (Hanoi),4,1.56,1.56,0.11,MODELED_PROXY_NOT_RECORDED,0.18 + 0.34*syllables - 0.03*checked + 0.08*phrase; SD=0.04+0.02*sqrt(syllables)+0.01*phrase+0.005*tone_types,/toj/ /tʰic̚/ /əm/ /ɲaːk̚/,tôi-thích-âm-nhạc,"nh,t,th,∅","a,i,â,ô","c,ch,i,m",t-o-j-tʰ-i-c̚-ə-m-ɲ-aː-k̚,"aː,c̚,i,j,k̚,m,o,t,tʰ,ə,ɲ","t→o,o→j,j→tʰ,tʰ→i,i→c̚,c̚→ə,ə→m,m→ɲ,ɲ→aː,aː→k̚","j→tʰ,c̚→ə,m→ɲ",ngang-sắc-ngang-nặng,"ngang,nặng,sắc","ngang→sắc,sắc→ngang,ngang→nặng","thích,nhạc",2,"checked_syllable,phonation_contrast,tonal_coarticulation_context",coronal → rounded → palatal → coronal → spread_vowel → palatal → central_vowel → bilabial_closure → palatal → open_vowel → low_visibility_velar,"bilabial_closure,central_vowel,coronal,low_visibility_velar,open_vowel,palatal,rounded,spread_vowel","coronal→rounded,rounded→palatal,palatal→coronal,coronal→spread_vowel,spread_vowel→palatal,palatal→central_vowel,central_vowel→bilabial_closure,bilabial_closure→palatal,palatal→open_vowel,open_vowel→low_visibility_velar","bilabial_closure,central_vowel,coronal,low_visibility_velar,open_vowel,palatal,rounded,spread_vowel","t:coronal,o:rounded,j:palatal,tʰ:coronal,i:spread_vowel,c̚:palatal,ə:central_vowel,m:bilabial_closure,ɲ:palatal,aː:open_vowel,k̚:low_visibility_velar","t:coronal→o:rounded,o:rounded→j:palatal,j:palatal→tʰ:coronal,tʰ:coronal→i:spread_vowel,i:spread_vowel→c̚:palatal,c̚:palatal→ə:central_vowel,ə:central_vowel→m:bilabial_closure,m:bilabial_closure→ɲ:palatal,ɲ:palatal→aː:open_vowel,aː:open_vowel→k̚:low_visibility_velar",0.2558139534883721,0.3333333333333333,0.5,0.06289308176100629,0.1875,0.12519654088050314,0.8,0.18181818181818182,0.06289308176100629,0.3035859569255521,0.49090909090909096,0.3227221558973423,0.19460638264458469,0.3146853146853147,0.20687317685727072
V094,phrase,xin nói chậm,Northern Vietnamese (Hanoi),3,1.28,1.28,0.1,MODELED_PROXY_NOT_RECORDED,0.18 + 0.34*syllables - 0.03*checked + 0.08*phrase; SD=0.04+0.02*sqrt(syllables)+0.01*phrase+0.005*tone_types,/sin/ /nɔj/ /cəm/,xin-nói-chậm,"ch,n,x","i,o,â","i,m,n",s-i-n-n-ɔ-j-c-ə-m,"c,i,j,m,n,s,ɔ,ə","s→i,i→n,n→n,n→ɔ,ɔ→j,j→c,c→ə,ə→m","n→n,j→c",ngang-sắc-nặng,"ngang,nặng,sắc","ngang→sắc,sắc→nặng",,0,"phonation_contrast,tonal_coarticulation_context",coronal → spread_vowel → coronal → coronal → rounded → palatal → palatal → central_vowel → bilabial_closure,"bilabial_closure,central_vowel,coronal,palatal,rounded,spread_vowel","coronal→spread_vowel,spread_vowel→coronal,coronal→coronal,coronal→rounded,rounded→palatal,palatal→palatal,palatal→central_vowel,central_vowel→bilabial_closure","bilabial_closure,central_vowel,coronal,palatal,rounded,spread_vowel","s:coronal,i:spread_vowel,n:coronal,n:coronal,ɔ:rounded,j:palatal,c:palatal,ə:central_vowel,m:bilabial_closure","s:coronal→i:spread_vowel,i:spread_vowel→n:coronal,n:coronal→n:coronal,n:coronal→ɔ:rounded,ɔ:rounded→j:palatal,j:palatal→c:palatal,c:palatal→ə:central_vowel,ə:central_vowel→m:bilabial_closure",0.18604651162790697,0.25,0.5,0.050314465408805034,0.125,0.08765723270440251,0.6,0.14545454545454545,0.050314465408805034,0.25592593608307734,0.3727272727272727,0.2599246793136657,0.19994213756490417,0.29119318181818177,0.20306615571380132
V095,phrase,hẹn gặp lại,Northern Vietnamese (Hanoi),3,1.25,1.25,0.09,MODELED_PROXY_NOT_RECORDED,0.18 + 0.34*syllables - 0.03*checked + 0.08*phrase; SD=0.04+0.02*sqrt(syllables)+0.01*phrase+0.005*tone_types,/hɛn/ /ɣap̚/ /laːj/,hẹn-gặp-lại,"g,h,l","a,e,ă","i,n,p",h-ɛ-n-ɣ-a-p̚-l-aː-j,"a,aː,h,j,l,n,p̚,ɛ,ɣ","h→ɛ,ɛ→n,n→ɣ,ɣ→a,a→p̚,p̚→l,l→aː,aː→j","n→ɣ,p̚→l",nặng-nặng-nặng,nặng,"nặng→nặng,nặng→nặng",gặp,1,"checked_syllable,phonation_contrast,tonal_coarticulation_context",glottal → spread_vowel → coronal → low_visibility_velar → open_vowel → bilabial_closure → coronal → open_vowel → palatal,"bilabial_closure,coronal,glottal,low_visibility_velar,open_vowel,palatal,spread_vowel","glottal→spread_vowel,spread_vowel→coronal,coronal→low_visibility_velar,low_visibility_velar→open_vowel,open_vowel→bilabial_closure,bilabial_closure→coronal,coronal→open_vowel,open_vowel→palatal","bilabial_closure,coronal,glottal,low_visibility_velar,open_vowel,palatal,spread_vowel","h:glottal,ɛ:spread_vowel,n:coronal,ɣ:low_visibility_velar,a:open_vowel,p̚:bilabial_closure,l:coronal,aː:open_vowel,j:palatal","h:glottal→ɛ:spread_vowel,ɛ:spread_vowel→n:coronal,n:coronal→ɣ:low_visibility_velar,ɣ:low_visibility_velar→a:open_vowel,a:open_vowel→p̚:bilabial_closure,p̚:bilabial_closure→l:coronal,l:coronal→aː:open_vowel,aː:open_vowel→j:palatal",0.20930232558139536,0.25,0.16666666666666666,0.050314465408805034,0.0625,0.05640723270440252,0.7,0.14545454545454545,0.050314465408805034,0.17059405623811613,0.42272727272727273,0.2254493194022593,0.1364752449904929,0.3381818181818182,0.18035945552180743
V096,phrase,Việt Nam rất đẹp,Northern Vietnamese (Hanoi),4,1.53,1.53,0.11,MODELED_PROXY_NOT_RECORDED,0.18 + 0.34*syllables - 0.03*checked + 0.08*phrase; SD=0.04+0.02*sqrt(syllables)+0.01*phrase+0.005*tone_types,/viət̚/ /naːm/ /zət̚/ /ɗɛp̚/,Việt-Nam-rất-đẹp,"n,r,v,đ","a,e,iê,â","m,p,t",v-iə-t̚-n-aː-m-z-ə-t̚-ɗ-ɛ-p̚,"aː,iə,m,n,p̚,t̚,v,z,ɗ,ə,ɛ","v→iə,iə→t̚,t̚→n,n→aː,aː→m,m→z,z→ə,ə→t̚,t̚→ɗ,ɗ→ɛ,ɛ→p̚","t̚→n,m→z,t̚→ɗ",nặng-ngang-sắc-nặng,"ngang,nặng,sắc","nặng→ngang,ngang→sắc,sắc→nặng","Việt,rất,đẹp",3,"checked_syllable,phonation_contrast,tonal_coarticulation_context",labiodental → spread_vowel → coronal → coronal → open_vowel → bilabial_closure → coronal → central_vowel → coronal → central_vowel → spread_vowel → bilabial_closure,"bilabial_closure,central_vowel,coronal,labiodental,open_vowel,spread_vowel","labiodental→spread_vowel,spread_vowel→coronal,coronal→coronal,coronal→open_vowel,open_vowel→bilabial_closure,bilabial_closure→coronal,coronal→central_vowel,central_vowel→coronal,coronal→central_vowel,central_vowel→spread_vowel,spread_vowel→bilabial_closure","bilabial_closure,central_vowel,coronal,labiodental,open_vowel,spread_vowel","v:labiodental,iə:spread_vowel,t̚:coronal,n:coronal,aː:open_vowel,m:bilabial_closure,z:coronal,ə:central_vowel,t̚:coronal,ɗ:central_vowel,ɛ:spread_vowel,p̚:bilabial_closure","v:labiodental→iə:spread_vowel,iə:spread_vowel→t̚:coronal,t̚:coronal→n:coronal,n:coronal→aː:open_vowel,aː:open_vowel→m:bilabial_closure,m:bilabial_closure→z:coronal,z:coronal→ə:central_vowel,ə:central_vowel→t̚:coronal,t̚:coronal→ɗ:central_vowel,ɗ:central_vowel→ɛ:spread_vowel,ɛ:spread_vowel→p̚:bilabial_closure",0.2558139534883721,0.25,0.5,0.06918238993710692,0.1875,0.12834119496855345,0.6,0.18181818181818182,0.06918238993710692,0.2835387871142314,0.3909090909090909,0.28359367431603066,0.18531946870211202,0.255496137849079,0.1853553426902161
